Algo_type;Nb_threads;Chunk_size;Nb_blocs;Bloc_size;Run_id;Time
0;1;512;4096;8;0;37882565
1;1;512;512;8;0;32407294
2;1;512;512;8;0;32823049
0;2;256;4096;8;0;37326573
1;2;256;512;8;0;43132940
2;2;256;512;8;0;45617349
0;3;170;4096;8;0;37646506
1;3;170;512;8;0;47807489
2;3;170;512;8;0;52467582
0;4;128;4096;8;0;38014364
1;4;128;512;8;0;48429233
2;4;128;512;8;0;52480974
0;5;102;4096;8;0;37850042
1;5;102;512;8;0;58371302
2;5;102;512;8;0;60233729
0;6;85;4096;8;0;37715464
1;6;85;512;8;0;56772892
2;6;85;512;8;0;59477671
0;7;73;4096;8;0;37273838
1;7;73;512;8;0;54904403
2;7;73;512;8;0;58420258
0;8;64;4096;8;0;37363496
1;8;64;512;8;0;50394069
2;8;64;512;8;0;52530433
0;9;56;4096;8;0;37490074
1;9;56;512;8;0;231040887
2;9;56;512;8;0;219231112
0;1;256;4096;16;0;37597482
1;1;256;256;16;0;31573193
2;1;256;256;16;0;32326219
0;2;128;4096;16;0;37446185
1;2;128;256;16;0;37207905
2;2;128;256;16;0;42121681
0;3;85;4096;16;0;38074172
1;3;85;256;16;0;40395996
2;3;85;256;16;0;45004015
0;4;64;4096;16;0;37303938
1;4;64;256;16;0;40344381
2;4;64;256;16;0;45031228
0;5;51;4096;16;0;37756710
1;5;51;256;16;0;40582177
2;5;51;256;16;0;43658300
0;6;42;4096;16;0;37241412
1;6;42;256;16;0;40862499
2;6;42;256;16;0;45077227
0;7;36;4096;16;0;37969070
1;7;36;256;16;0;39758026
2;7;36;256;16;0;44739288
0;8;32;4096;16;0;37465746
1;8;32;256;16;0;38921532
2;8;32;256;16;0;39259449
0;9;28;4096;16;0;37361840
1;9;28;256;16;0;244785982
2;9;28;256;16;0;256273286
0;1;128;4096;32;0;37541863
1;1;128;128;32;0;38672589
2;1;128;128;32;0;38932540
0;2;64;4096;32;0;37551388
1;2;64;128;32;0;34069472
2;2;64;128;32;0;38284001
0;3;42;4096;32;0;37338084
1;3;42;128;32;0;31468280
2;3;42;128;32;0;34341313
0;4;32;4096;32;0;37470300
1;4;32;128;32;0;30912009
2;4;32;128;32;0;35487666
0;5;25;4096;32;0;37263853
1;5;25;128;32;0;32467063
2;5;25;128;32;0;37646002
0;6;21;4096;32;0;37762929
1;6;21;128;32;0;31790872
2;6;21;128;32;0;37750981
0;7;18;4096;32;0;37628964
1;7;18;128;32;0;31722252
2;7;18;128;32;0;37720041
0;8;16;4096;32;0;37912993
1;8;16;128;32;0;30609956
2;8;16;128;32;0;34597218
0;9;14;4096;32;0;37441001
1;9;14;128;32;0;243120297
2;9;14;128;32;0;254904720
0;1;64;4096;64;0;37714725
1;1;64;64;64;0;38378596
2;1;64;64;64;0;37891157
0;2;32;4096;64;0;37495687
1;2;32;64;64;0;30921495
2;2;32;64;64;0;33864816
0;3;21;4096;64;0;37597994
1;3;21;64;64;0;27737685
2;3;21;64;64;0;29857351
0;4;16;4096;64;0;37861531
1;4;16;64;64;0;26748748
2;4;16;64;64;0;29902641
0;5;12;4096;64;0;37479404
1;5;12;64;64;0;27060888
2;5;12;64;64;0;31673094
0;6;10;4096;64;0;37501043
1;6;10;64;64;0;26651560
2;6;10;64;64;0;32071095
0;7;9;4096;64;0;37318724
1;7;9;64;64;0;25417910
2;7;9;64;64;0;31859419
0;8;8;4096;64;0;37377852
1;8;8;64;64;0;27560307
2;8;8;64;64;0;29708038
0;9;7;4096;64;0;37678166
1;9;7;64;64;0;247553854
2;9;7;64;64;0;247365246
0;1;32;4096;128;0;37537608
1;1;32;32;128;0;39895946
2;1;32;32;128;0;39768801
0;2;16;4096;128;0;37295815
1;2;16;32;128;0;31755759
2;2;16;32;128;0;33224003
0;3;10;4096;128;0;37539977
1;3;10;32;128;0;26966846
2;3;10;32;128;0;27176189
0;4;8;4096;128;0;37487236
1;4;8;32;128;0;24240995
2;4;8;32;128;0;26674482
0;5;6;4096;128;0;37697315
1;5;6;32;128;0;23203724
2;5;6;32;128;0;25984025
0;6;5;4096;128;0;37680004
1;6;5;32;128;0;24300485
2;6;5;32;128;0;28424369
0;7;4;4096;128;0;37344776
1;7;4;32;128;0;24166696
2;7;4;32;128;0;28972767
0;8;4;4096;128;0;37515103
1;8;4;32;128;0;24315359
2;8;4;32;128;0;26538781
0;9;3;4096;128;0;37597214
1;9;3;32;128;0;252852256
2;9;3;32;128;0;248138419
0;1;16;4096;256;0;37421061
1;1;16;16;256;0;39663981
2;1;16;16;256;0;40131796
0;2;8;4096;256;0;37798544
1;2;8;16;256;0;31110872
2;2;8;16;256;0;31700365
0;3;5;4096;256;0;37671904
1;3;5;16;256;0;27065773
2;3;5;16;256;0;27476575
0;4;4;4096;256;0;37530416
1;4;4;16;256;0;23579395
2;4;4;16;256;0;25644904
0;5;3;4096;256;0;37339940
1;5;3;16;256;0;23232811
2;5;3;16;256;0;26176086
0;6;2;4096;256;0;37451365
1;6;2;16;256;0;23714149
2;6;2;16;256;0;27242122
0;7;2;4096;256;0;37592085
1;7;2;16;256;0;23589799
2;7;2;16;256;0;27649268
0;8;2;4096;256;0;37288796
1;8;2;16;256;0;21969831
2;8;2;16;256;0;25344117
0;9;1;4096;256;0;37569150
1;9;1;16;256;0;245422795
2;9;1;16;256;0;262553404
0;1;8;4096;512;0;37878197
1;1;8;8;512;0;39796094
2;1;8;8;512;0;40181757
0;2;4;4096;512;0;37544004
1;2;4;8;512;0;31247996
2;2;4;8;512;0;30957216
0;3;2;4096;512;0;37334810
1;3;2;8;512;0;27731124
2;3;2;8;512;0;26315992
0;4;2;4096;512;0;38264814
1;4;2;8;512;0;21708231
2;4;2;8;512;0;23273722
0;5;1;4096;512;0;37560478
1;5;1;8;512;0;23504086
2;5;1;8;512;0;25936686
0;6;1;4096;512;0;37680708
1;6;1;8;512;0;23431223
2;6;1;8;512;0;26627229
0;7;1;4096;512;0;37522749
1;7;1;8;512;0;23116555
2;7;1;8;512;0;27566069
0;8;1;4096;512;0;37378886
1;8;1;8;512;0;22250880
2;8;1;8;512;0;24501561
0;9;1;4096;512;0;37412187
1;9;1;8;512;0;238409695
2;9;1;8;512;0;247792605
0;1;4;4096;1024;0;37810161
1;1;4;4;1024;0;39680245
2;1;4;4;1024;0;40165800
0;2;2;4096;1024;0;37616576
1;2;2;4;1024;0;31185685
2;2;2;4;1024;0;30265061
0;3;1;4096;1024;0;37399989
1;3;1;4;1024;0;28539488
2;3;1;4;1024;0;27922706
0;4;1;4096;1024;0;37544231
1;4;1;4;1024;0;24326262
2;4;1;4;1024;0;25587417
0;5;1;4096;1024;0;37443457
1;5;1;4;1024;0;22562678
2;5;1;4;1024;0;25342060
0;6;1;4096;1024;0;37337829
1;6;1;4;1024;0;25442820
2;6;1;4;1024;0;28960360
0;7;1;4096;1024;0;37890394
1;7;1;4;1024;0;25585367
2;7;1;4;1024;0;30225933
0;8;1;4096;1024;0;37288885
1;8;1;4;1024;0;24453334
2;8;1;4;1024;0;29393952
0;9;1;4096;1024;0;37328635
1;9;1;4;1024;0;246825149
2;9;1;4;1024;0;249790296
0;1;2;4096;2048;0;37516592
1;1;2;2;2048;0;39777472
2;1;2;2;2048;0;40090834
0;2;1;4096;2048;0;37367962
1;2;1;2;2048;0;31233370
2;2;1;2;2048;0;30297553
0;3;1;4096;2048;0;37535527
1;3;1;2;2048;0;31129985
2;3;1;2;2048;0;31852906
0;4;1;4096;2048;0;37273900
1;4;1;2;2048;0;33421690
2;4;1;2;2048;0;34672157
0;5;1;4096;2048;0;37433647
1;5;1;2;2048;0;33287449
2;5;1;2;2048;0;34589912
0;6;1;4096;2048;0;37647191
1;6;1;2;2048;0;34684222
2;6;1;2;2048;0;37552656
0;7;1;4096;2048;0;37356945
1;7;1;2;2048;0;35452324
2;7;1;2;2048;0;33307101
0;8;1;4096;2048;0;37291643
1;8;1;2;2048;0;33649484
2;8;1;2;2048;0;34625739
0;9;1;4096;2048;0;37502890
1;9;1;2;2048;0;248466566
2;9;1;2;2048;0;231855765
0;1;512;4096;8;1;37638751
1;1;512;512;8;1;32524849
2;1;512;512;8;1;33612245
0;2;256;4096;8;1;37366467
1;2;256;512;8;1;40033503
2;2;256;512;8;1;47827172
0;3;170;4096;8;1;37312922
1;3;170;512;8;1;47630375
2;3;170;512;8;1;53258979
0;4;128;4096;8;1;38058190
1;4;128;512;8;1;46399600
2;4;128;512;8;1;51231237
0;5;102;4096;8;1;37482078
1;5;102;512;8;1;55936765
2;5;102;512;8;1;56766729
0;6;85;4096;8;1;37540462
1;6;85;512;8;1;53826593
2;6;85;512;8;1;57139168
0;7;73;4096;8;1;37406741
1;7;73;512;8;1;55080497
2;7;73;512;8;1;54376730
0;8;64;4096;8;1;38167185
1;8;64;512;8;1;49315875
2;8;64;512;8;1;49705430
0;9;56;4096;8;1;37357852
1;9;56;512;8;1;238756363
2;9;56;512;8;1;237580871
0;1;256;4096;16;1;37627750
1;1;256;256;16;1;31598546
2;1;256;256;16;1;32108565
0;2;128;4096;16;1;37275570
1;2;128;256;16;1;37182793
2;2;128;256;16;1;42001901
0;3;85;4096;16;1;37422885
1;3;85;256;16;1;38209402
2;3;85;256;16;1;43112054
0;4;64;4096;16;1;37475641
1;4;64;256;16;1;42151971
2;4;64;256;16;1;46071310
0;5;51;4096;16;1;37689404
1;5;51;256;16;1;41774147
2;5;51;256;16;1;45109279
0;6;42;4096;16;1;37792357
1;6;42;256;16;1;41839905
2;6;42;256;16;1;44877224
0;7;36;4096;16;1;37407758
1;7;36;256;16;1;39096906
2;7;36;256;16;1;43380500
0;8;32;4096;16;1;37555127
1;8;32;256;16;1;38640516
2;8;32;256;16;1;41006749
0;9;28;4096;16;1;37651227
1;9;28;256;16;1;238493658
2;9;28;256;16;1;223247669
0;1;128;4096;32;1;37468815
1;1;128;128;32;1;38114166
2;1;128;128;32;1;39255683
0;2;64;4096;32;1;37390211
1;2;64;128;32;1;32814296
2;2;64;128;32;1;36710056
0;3;42;4096;32;1;37750090
1;3;42;128;32;1;31170356
2;3;42;128;32;1;34283597
0;4;32;4096;32;1;37191164
1;4;32;128;32;1;31935626
2;4;32;128;32;1;35649803
0;5;25;4096;32;1;37643089
1;5;25;128;32;1;31089903
2;5;25;128;32;1;37704027
0;6;21;4096;32;1;37581118
1;6;21;128;32;1;32022673
2;6;21;128;32;1;38015940
0;7;18;4096;32;1;37405991
1;7;18;128;32;1;32819196
2;7;18;128;32;1;38431038
0;8;16;4096;32;1;37848010
1;8;16;128;32;1;31158090
2;8;16;128;32;1;33107572
0;9;14;4096;32;1;37314894
1;9;14;128;32;1;244455923
2;9;14;128;32;1;242814196
0;1;64;4096;64;1;37526049
1;1;64;64;64;1;37786820
2;1;64;64;64;1;37638797
0;2;32;4096;64;1;37248990
1;2;32;64;64;1;31375653
2;2;32;64;64;1;34694014
0;3;21;4096;64;1;37459397
1;3;21;64;64;1;27774012
2;3;21;64;64;1;30641868
0;4;16;4096;64;1;37656897
1;4;16;64;64;1;24226930
2;4;16;64;64;1;27962290
0;5;12;4096;64;1;37366041
1;5;12;64;64;1;26591927
2;5;12;64;64;1;31403985
0;6;10;4096;64;1;37339803
1;6;10;64;64;1;26474271
2;6;10;64;64;1;31426353
0;7;9;4096;64;1;37378816
1;7;9;64;64;1;25786802
2;7;9;64;64;1;26613980
0;8;8;4096;64;1;37673131
1;8;8;64;64;1;24583987
2;8;8;64;64;1;29656817
0;9;7;4096;64;1;37420304
1;9;7;64;64;1;236187872
2;9;7;64;64;1;238301593
0;1;32;4096;128;1;37852158
1;1;32;32;128;1;39735719
2;1;32;32;128;1;39981678
0;2;16;4096;128;1;37425336
1;2;16;32;128;1;31023192
2;2;16;32;128;1;32137152
0;3;10;4096;128;1;37332994
1;3;10;32;128;1;27029987
2;3;10;32;128;1;28258580
0;4;8;4096;128;1;37879358
1;4;8;32;128;1;25338944
2;4;8;32;128;1;26993241
0;5;6;4096;128;1;37206216
1;5;6;32;128;1;22944667
2;5;6;32;128;1;26299859
0;6;5;4096;128;1;37631626
1;6;5;32;128;1;23460599
2;6;5;32;128;1;28097597
0;7;4;4096;128;1;37502589
1;7;4;32;128;1;24478309
2;7;4;32;128;1;28940635
0;8;4;4096;128;1;37881905
1;8;4;32;128;1;22677350
2;8;4;32;128;1;26586936
0;9;3;4096;128;1;37827239
1;9;3;32;128;1;243843980
2;9;3;32;128;1;249582065
0;1;16;4096;256;1;37427033
1;1;16;16;256;1;39450577
2;1;16;16;256;1;40077261
0;2;8;4096;256;1;37338265
1;2;8;16;256;1;31101411
2;2;8;16;256;1;31381319
0;3;5;4096;256;1;37621177
1;3;5;16;256;1;26735548
2;3;5;16;256;1;27413728
0;4;4;4096;256;1;37799996
1;4;4;16;256;1;21917856
2;4;4;16;256;1;23806416
0;5;3;4096;256;1;37831834
1;5;3;16;256;1;24092415
2;5;3;16;256;1;26408494
0;6;2;4096;256;1;37120718
1;6;2;16;256;1;23880187
2;6;2;16;256;1;27132768
0;7;2;4096;256;1;37845787
1;7;2;16;256;1;23410304
2;7;2;16;256;1;22873546
0;8;2;4096;256;1;37439891
1;8;2;16;256;1;21751031
2;8;2;16;256;1;25375827
0;9;1;4096;256;1;37289649
1;9;1;16;256;1;252515389
2;9;1;16;256;1;237566202
0;1;8;4096;512;1;37659025
1;1;8;8;512;1;39871177
2;1;8;8;512;1;40035960
0;2;4;4096;512;1;37490910
1;2;4;8;512;1;31213130
2;2;4;8;512;1;31473595
0;3;2;4096;512;1;37198772
1;3;2;8;512;1;28642547
2;3;2;8;512;1;27897760
0;4;2;4096;512;1;37622775
1;4;2;8;512;1;21769316
2;4;2;8;512;1;23339281
0;5;1;4096;512;1;37167332
1;5;1;8;512;1;22552046
2;5;1;8;512;1;25378625
0;6;1;4096;512;1;37519129
1;6;1;8;512;1;22734730
2;6;1;8;512;1;26665517
0;7;1;4096;512;1;37634076
1;7;1;8;512;1;22889986
2;7;1;8;512;1;26652777
0;8;1;4096;512;1;37501033
1;8;1;8;512;1;22353662
2;8;1;8;512;1;24330198
0;9;1;4096;512;1;37441945
1;9;1;8;512;1;246883598
2;9;1;8;512;1;236007362
0;1;4;4096;1024;1;37745111
1;1;4;4;1024;1;39585405
2;1;4;4;1024;1;40073082
0;2;2;4096;1024;1;37797807
1;2;2;4;1024;1;31564149
2;2;2;4;1024;1;30452821
0;3;1;4096;1024;1;37339637
1;3;1;4;1024;1;28421871
2;3;1;4;1024;1;27397352
0;4;1;4096;1024;1;38087227
1;4;1;4;1024;1;22571496
2;4;1;4;1024;1;23535929
0;5;1;4096;1024;1;37737928
1;5;1;4;1024;1;22519387
2;5;1;4;1024;1;25518073
0;6;1;4096;1024;1;37297204
1;6;1;4;1024;1;25546893
2;6;1;4;1024;1;28719096
0;7;1;4096;1024;1;37638027
1;7;1;4;1024;1;25048168
2;7;1;4;1024;1;29787735
0;8;1;4096;1024;1;37496724
1;8;1;4;1024;1;24388881
2;8;1;4;1024;1;28940791
0;9;1;4096;1024;1;37442427
1;9;1;4;1024;1;278151064
2;9;1;4;1024;1;301493611
0;1;2;4096;2048;1;38466834
1;1;2;2;2048;1;40080163
2;1;2;2;2048;1;41276726
0;2;1;4096;2048;1;37732853
1;2;1;2;2048;1;30626106
2;2;1;2;2048;1;29893107
0;3;1;4096;2048;1;38425239
1;3;1;2;2048;1;30876400
2;3;1;2;2048;1;31626602
0;4;1;4096;2048;1;38527503
1;4;1;2;2048;1;33712971
2;4;1;2;2048;1;34490903
0;5;1;4096;2048;1;37698574
1;5;1;2;2048;1;34396143
2;5;1;2;2048;1;35490143
0;6;1;4096;2048;1;37372565
1;6;1;2;2048;1;35738577
2;6;1;2;2048;1;38478589
0;7;1;4096;2048;1;37817276
1;7;1;2;2048;1;32940804
2;7;1;2;2048;1;32733044
0;8;1;4096;2048;1;40905479
1;8;1;2;2048;1;47768309
2;8;1;2;2048;1;43740078
0;9;1;4096;2048;1;40147066
1;9;1;2;2048;1;374837561
2;9;1;2;2048;1;292406031
0;1;512;4096;8;2;37523292
1;1;512;512;8;2;32104158
2;1;512;512;8;2;32341450
0;2;256;4096;8;2;38833541
1;2;256;512;8;2;51804066
2;2;256;512;8;2;52608189
0;3;170;4096;8;2;38021771
1;3;170;512;8;2;49378666
2;3;170;512;8;2;52944426
0;4;128;4096;8;2;41298837
1;4;128;512;8;2;52938614
2;4;128;512;8;2;57265373
0;5;102;4096;8;2;37504900
1;5;102;512;8;2;58191286
2;5;102;512;8;2;62378060
0;6;85;4096;8;2;39204530
1;6;85;512;8;2;55347025
2;6;85;512;8;2;60185507
0;7;73;4096;8;2;40111562
1;7;73;512;8;2;52744222
2;7;73;512;8;2;60659430
0;8;64;4096;8;2;39695649
1;8;64;512;8;2;59383828
2;8;64;512;8;2;68926569
0;9;56;4096;8;2;41524194
1;9;56;512;8;2;290930268
2;9;56;512;8;2;317876951
0;1;256;4096;16;2;37927471
1;1;256;256;16;2;32151072
2;1;256;256;16;2;32764129
0;2;128;4096;16;2;37635716
1;2;128;256;16;2;36862816
2;2;128;256;16;2;42335621
0;3;85;4096;16;2;37438997
1;3;85;256;16;2;39363473
2;3;85;256;16;2;44213084
0;4;64;4096;16;2;40451549
1;4;64;256;16;2;41378720
2;4;64;256;16;2;47998115
0;5;51;4096;16;2;39881257
1;5;51;256;16;2;43521890
2;5;51;256;16;2;47673137
0;6;42;4096;16;2;41335878
1;6;42;256;16;2;42153122
2;6;42;256;16;2;45431330
0;7;36;4096;16;2;40962918
1;7;36;256;16;2;41611618
2;7;36;256;16;2;43090141
0;8;32;4096;16;2;40451974
1;8;32;256;16;2;49453234
2;8;32;256;16;2;71636314
0;9;28;4096;16;2;40178305
1;9;28;256;16;2;368600025
2;9;28;256;16;2;308883981
0;1;128;4096;32;2;38729830
1;1;128;128;32;2;38161029
2;1;128;128;32;2;39003474
0;2;64;4096;32;2;37222230
1;2;64;128;32;2;32813228
2;2;64;128;32;2;37072921
0;3;42;4096;32;2;37370419
1;3;42;128;32;2;31980609
2;3;42;128;32;2;34777510
0;4;32;4096;32;2;37253554
1;4;32;128;32;2;31225670
2;4;32;128;32;2;35211171
0;5;25;4096;32;2;37588993
1;5;25;128;32;2;30698548
2;5;25;128;32;2;35655277
0;6;21;4096;32;2;37590277
1;6;21;128;32;2;30090216
2;6;21;128;32;2;37719252
0;7;18;4096;32;2;37021576
1;7;18;128;32;2;30970324
2;7;18;128;32;2;37358650
0;8;16;4096;32;2;37287872
1;8;16;128;32;2;35018408
2;8;16;128;32;2;33294333
0;9;14;4096;32;2;37505566
1;9;14;128;32;2;299358378
2;9;14;128;32;2;344973660
0;1;64;4096;64;2;37745802
1;1;64;64;64;2;38715291
2;1;64;64;64;2;38174181
0;2;32;4096;64;2;37691166
1;2;32;64;64;2;31761901
2;2;32;64;64;2;35168673
0;3;21;4096;64;2;37428548
1;3;21;64;64;2;26954305
2;3;21;64;64;2;29392541
0;4;16;4096;64;2;37518641
1;4;16;64;64;2;24653614
2;4;16;64;64;2;28257994
0;5;12;4096;64;2;37210819
1;5;12;64;64;2;26766601
2;5;12;64;64;2;31610793
0;6;10;4096;64;2;37494212
1;6;10;64;64;2;24477540
2;6;10;64;64;2;29467202
0;7;9;4096;64;2;38524008
1;7;9;64;64;2;26119934
2;7;9;64;64;2;32179632
0;8;8;4096;64;2;40669426
1;8;8;64;64;2;27340481
2;8;8;64;64;2;29295904
0;9;7;4096;64;2;38816123
1;9;7;64;64;2;348729877
2;9;7;64;64;2;301223203
0;1;32;4096;128;2;38085960
1;1;32;32;128;2;39929921
2;1;32;32;128;2;40113721
0;2;16;4096;128;2;37353069
1;2;16;32;128;2;31862433
2;2;16;32;128;2;33462627
0;3;10;4096;128;2;38627253
1;3;10;32;128;2;27334296
2;3;10;32;128;2;28739602
0;4;8;4096;128;2;37512752
1;4;8;32;128;2;23211802
2;4;8;32;128;2;25331748
0;5;6;4096;128;2;37808700
1;5;6;32;128;2;24122141
2;5;6;32;128;2;27695731
0;6;5;4096;128;2;37499534
1;6;5;32;128;2;23279683
2;6;5;32;128;2;27991175
0;7;4;4096;128;2;37848992
1;7;4;32;128;2;24120373
2;7;4;32;128;2;29065977
0;8;4;4096;128;2;37596686
1;8;4;32;128;2;23278636
2;8;4;32;128;2;26831206
0;9;3;4096;128;2;37539146
1;9;3;32;128;2;277571848
2;9;3;32;128;2;274684184
0;1;16;4096;256;2;38058246
1;1;16;16;256;2;39654634
2;1;16;16;256;2;39956517
0;2;8;4096;256;2;37301551
1;2;8;16;256;2;30813649
2;2;8;16;256;2;31199889
0;3;5;4096;256;2;37422234
1;3;5;16;256;2;25608412
2;3;5;16;256;2;26005821
0;4;4;4096;256;2;37436356
1;4;4;16;256;2;23817074
2;4;4;16;256;2;26161212
0;5;3;4096;256;2;37371015
1;5;3;16;256;2;23757598
2;5;3;16;256;2;26602923
0;6;2;4096;256;2;37357978
1;6;2;16;256;2;23332678
2;6;2;16;256;2;27474342
0;7;2;4096;256;2;38513784
1;7;2;16;256;2;22906250
2;7;2;16;256;2;27210331
0;8;2;4096;256;2;37846149
1;8;2;16;256;2;25402425
2;8;2;16;256;2;24711114
0;9;1;4096;256;2;37507550
1;9;1;16;256;2;335039933
2;9;1;16;256;2;257902286
0;1;8;4096;512;2;37762584
1;1;8;8;512;2;42733515
2;1;8;8;512;2;43331809
0;2;4;4096;512;2;37855051
1;2;4;8;512;2;30232321
2;2;4;8;512;2;30474324
0;3;2;4096;512;2;38947869
1;3;2;8;512;2;28890791
2;3;2;8;512;2;26834767
0;4;2;4096;512;2;38794388
1;4;2;8;512;2;21658395
2;4;2;8;512;2;24887833
0;5;1;4096;512;2;37725304
1;5;1;8;512;2;20691339
2;5;1;8;512;2;23240782
0;6;1;4096;512;2;40357156
1;6;1;8;512;2;24616128
2;6;1;8;512;2;22744580
0;7;1;4096;512;2;38567572
1;7;1;8;512;2;22685052
2;7;1;8;512;2;27013196
0;8;1;4096;512;2;37609634
1;8;1;8;512;2;21138389
2;8;1;8;512;2;23015505
0;9;1;4096;512;2;37366713
1;9;1;8;512;2;307347139
2;9;1;8;512;2;243424240
0;1;4;4096;1024;2;40126443
1;1;4;4;1024;2;42989888
2;1;4;4;1024;2;41153421
0;2;2;4096;1024;2;37677368
1;2;2;4;1024;2;31626969
2;2;2;4;1024;2;30976343
0;3;1;4096;1024;2;37385143
1;3;1;4;1024;2;27409761
2;3;1;4;1024;2;27361130
0;4;1;4096;1024;2;37060744
1;4;1;4;1024;2;21447418
2;4;1;4;1024;2;22942981
0;5;1;4096;1024;2;37436131
1;5;1;4;1024;2;22039027
2;5;1;4;1024;2;24970997
0;6;1;4096;1024;2;37289093
1;6;1;4;1024;2;22361575
2;6;1;4;1024;2;26583533
0;7;1;4096;1024;2;37160901
1;7;1;4;1024;2;24544056
2;7;1;4;1024;2;25463593
0;8;1;4096;1024;2;37129012
1;8;1;4;1024;2;24343302
2;8;1;4;1024;2;27718709
0;9;1;4096;1024;2;37247553
1;9;1;4;1024;2;248978919
2;9;1;4;1024;2;220439149
0;1;2;4096;2048;2;37299025
1;1;2;2;2048;2;39587718
2;1;2;2;2048;2;39931644
0;2;1;4096;2048;2;37143615
1;2;1;2;2048;2;30326094
2;2;1;2;2048;2;30084307
0;3;1;4096;2048;2;37264558
1;3;1;2;2048;2;30825718
2;3;1;2;2048;2;31469392
0;4;1;4096;2048;2;37467412
1;4;1;2;2048;2;31585934
2;4;1;2;2048;2;32592937
0;5;1;4096;2048;2;37373276
1;5;1;2;2048;2;32816955
2;5;1;2;2048;2;34259176
0;6;1;4096;2048;2;37384382
1;6;1;2;2048;2;34751439
2;6;1;2;2048;2;37351179
0;7;1;4096;2048;2;37327465
1;7;1;2;2048;2;35706092
2;7;1;2;2048;2;38630268
0;8;1;4096;2048;2;37476361
1;8;1;2;2048;2;33456764
2;8;1;2;2048;2;34277980
0;9;1;4096;2048;2;37388715
1;9;1;2;2048;2;258317082
2;9;1;2;2048;2;242020644
0;1;512;4096;8;3;37488172
1;1;512;512;8;3;31728645
2;1;512;512;8;3;32939813
0;2;256;4096;8;3;37257558
1;2;256;512;8;3;44683663
2;2;256;512;8;3;50168623
0;3;170;4096;8;3;37405955
1;3;170;512;8;3;51425988
2;3;170;512;8;3;57059295
0;4;128;4096;8;3;37835809
1;4;128;512;8;3;57601867
2;4;128;512;8;3;61474064
0;5;102;4096;8;3;37403013
1;5;102;512;8;3;52105741
2;5;102;512;8;3;55924716
0;6;85;4096;8;3;37087244
1;6;85;512;8;3;55082219
2;6;85;512;8;3;58377804
0;7;73;4096;8;3;37399735
1;7;73;512;8;3;49447878
2;7;73;512;8;3;54697057
0;8;64;4096;8;3;37853210
1;8;64;512;8;3;51985200
2;8;64;512;8;3;52993777
0;9;56;4096;8;3;37549377
1;9;56;512;8;3;232508254
2;9;56;512;8;3;247423545
0;1;256;4096;16;3;37626415
1;1;256;256;16;3;31293901
2;1;256;256;16;3;31834867
0;2;128;4096;16;3;37240957
1;2;128;256;16;3;36319251
2;2;128;256;16;3;41346627
0;3;85;4096;16;3;37212199
1;3;85;256;16;3;38137809
2;3;85;256;16;3;41851709
0;4;64;4096;16;3;37434369
1;4;64;256;16;3;39834967
2;4;64;256;16;3;44328845
0;5;51;4096;16;3;37377851
1;5;51;256;16;3;39812817
2;5;51;256;16;3;43336288
0;6;42;4096;16;3;37470965
1;6;42;256;16;3;40633117
2;6;42;256;16;3;44982411
0;7;36;4096;16;3;37686446
1;7;36;256;16;3;39963385
2;7;36;256;16;3;44329260
0;8;32;4096;16;3;37473400
1;8;32;256;16;3;38093980
2;8;32;256;16;3;40007618
0;9;28;4096;16;3;37434702
1;9;28;256;16;3;243331683
2;9;28;256;16;3;247829720
0;1;128;4096;32;3;37417419
1;1;128;128;32;3;38012269
2;1;128;128;32;3;38787356
0;2;64;4096;32;3;37482794
1;2;64;128;32;3;32147723
2;2;64;128;32;3;36250988
0;3;42;4096;32;3;37891690
1;3;42;128;32;3;32232278
2;3;42;128;32;3;35826452
0;4;32;4096;32;3;37054756
1;4;32;128;32;3;30120437
2;4;32;128;32;3;34216392
0;5;25;4096;32;3;37094240
1;5;25;128;32;3;30265657
2;5;25;128;32;3;35244616
0;6;21;4096;32;3;37976584
1;6;21;128;32;3;29484249
2;6;21;128;32;3;36038673
0;7;18;4096;32;3;37709010
1;7;18;128;32;3;31495995
2;7;18;128;32;3;32358334
0;8;16;4096;32;3;37190946
1;8;16;128;32;3;30183552
2;8;16;128;32;3;33247731
0;9;14;4096;32;3;37273585
1;9;14;128;32;3;287202358
2;9;14;128;32;3;255317555
0;1;64;4096;64;3;37314249
1;1;64;64;64;3;37850402
2;1;64;64;64;3;37654473
0;2;32;4096;64;3;37307666
1;2;32;64;64;3;31571448
2;2;32;64;64;3;35010449
0;3;21;4096;64;3;37396192
1;3;21;64;64;3;26693902
2;3;21;64;64;3;29445198
0;4;16;4096;64;3;37417587
1;4;16;64;64;3;25863218
2;4;16;64;64;3;29296241
0;5;12;4096;64;3;37175184
1;5;12;64;64;3;24608208
2;5;12;64;64;3;29159500
0;6;10;4096;64;3;37760038
1;6;10;64;64;3;24446451
2;6;10;64;64;3;29997571
0;7;9;4096;64;3;37399940
1;7;9;64;64;3;27752349
2;7;9;64;64;3;28197291
0;8;8;4096;64;3;37323269
1;8;8;64;64;3;24757008
2;8;8;64;64;3;29180210
0;9;7;4096;64;3;37480012
1;9;7;64;64;3;257274676
2;9;7;64;64;3;242509060
0;1;32;4096;128;3;37389200
1;1;32;32;128;3;39492469
2;1;32;32;128;3;39834649
0;2;16;4096;128;3;37447435
1;2;16;32;128;3;31093433
2;2;16;32;128;3;32394434
0;3;10;4096;128;3;37378634
1;3;10;32;128;3;26810807
2;3;10;32;128;3;27961476
0;4;8;4096;128;3;37411277
1;4;8;32;128;3;22513449
2;4;8;32;128;3;24855657
0;5;6;4096;128;3;37270454
1;5;6;32;128;3;22783855
2;5;6;32;128;3;25490644
0;6;5;4096;128;3;37339075
1;6;5;32;128;3;21629731
2;6;5;32;128;3;29245939
0;7;4;4096;128;3;37312086
1;7;4;32;128;3;23938663
2;7;4;32;128;3;28641508
0;8;4;4096;128;3;37218141
1;8;4;32;128;3;23150488
2;8;4;32;128;3;27029065
0;9;3;4096;128;3;37446342
1;9;3;32;128;3;261493028
2;9;3;32;128;3;259822474
0;1;16;4096;256;3;37472602
1;1;16;16;256;3;39473810
2;1;16;16;256;3;39950447
0;2;8;4096;256;3;37302079
1;2;8;16;256;3;31021955
2;2;8;16;256;3;31819821
0;3;5;4096;256;3;37277860
1;3;5;16;256;3;25949311
2;3;5;16;256;3;25855450
0;4;4;4096;256;3;37159503
1;4;4;16;256;3;22677220
2;4;4;16;256;3;24072667
0;5;3;4096;256;3;37431132
1;5;3;16;256;3;21521728
2;5;3;16;256;3;24118940
0;6;2;4096;256;3;37488423
1;6;2;16;256;3;23486406
2;6;2;16;256;3;27394786
0;7;2;4096;256;3;37336265
1;7;2;16;256;3;23129385
2;7;2;16;256;3;27333895
0;8;2;4096;256;3;37338237
1;8;2;16;256;3;21791368
2;8;2;16;256;3;25273055
0;9;1;4096;256;3;37499370
1;9;1;16;256;3;259937351
2;9;1;16;256;3;247835170
0;1;8;4096;512;3;37412784
1;1;8;8;512;3;39356627
2;1;8;8;512;3;39850857
0;2;4;4096;512;3;37347760
1;2;4;8;512;3;30377478
2;2;4;8;512;3;30176676
0;3;2;4096;512;3;37426368
1;3;2;8;512;3;27518260
2;3;2;8;512;3;26477785
0;4;2;4096;512;3;37635174
1;4;2;8;512;3;23084500
2;4;2;8;512;3;24777609
0;5;1;4096;512;3;37376017
1;5;1;8;512;3;20839581
2;5;1;8;512;3;23234341
0;6;1;4096;512;3;37604354
1;6;1;8;512;3;22744468
2;6;1;8;512;3;26666198
0;7;1;4096;512;3;37571239
1;7;1;8;512;3;22776671
2;7;1;8;512;3;26815094
0;8;1;4096;512;3;37329174
1;8;1;8;512;3;21524442
2;8;1;8;512;3;24523330
0;9;1;4096;512;3;37850743
1;9;1;8;512;3;264875950
2;9;1;8;512;3;231568903
0;1;4;4096;1024;3;37634820
1;1;4;4;1024;3;40018816
2;1;4;4;1024;3;40416291
0;2;2;4096;1024;3;37368875
1;2;2;4;1024;3;30526791
2;2;2;4;1024;3;29855037
0;3;1;4096;1024;3;37733451
1;3;1;4;1024;3;27922408
2;3;1;4;1024;3;26515115
0;4;1;4096;1024;3;37427755
1;4;1;4;1024;3;22063776
2;4;1;4;1024;3;23434709
0;5;1;4096;1024;3;37453910
1;5;1;4;1024;3;22855824
2;5;1;4;1024;3;25400403
0;6;1;4096;1024;3;37556050
1;6;1;4;1024;3;23083108
2;6;1;4;1024;3;26952183
0;7;1;4096;1024;3;37284301
1;7;1;4;1024;3;25529786
2;7;1;4;1024;3;30350199
0;8;1;4096;1024;3;37469353
1;8;1;4;1024;3;25015616
2;8;1;4;1024;3;28828555
0;9;1;4096;1024;3;37524872
1;9;1;4;1024;3;259332397
2;9;1;4;1024;3;252942336
0;1;2;4096;2048;3;37105838
1;1;2;2;2048;3;39442673
2;1;2;2;2048;3;39934444
0;2;1;4096;2048;3;37390920
1;2;1;2;2048;3;31126331
2;2;1;2;2048;3;30434395
0;3;1;4096;2048;3;37285192
1;3;1;2;2048;3;31340718
2;3;1;2;2048;3;31796736
0;4;1;4096;2048;3;37448662
1;4;1;2;2048;3;32086578
2;4;1;2;2048;3;32983540
0;5;1;4096;2048;3;37414582
1;5;1;2;2048;3;35237390
2;5;1;2;2048;3;36392136
0;6;1;4096;2048;3;37182988
1;6;1;2;2048;3;35002122
2;6;1;2;2048;3;37663549
0;7;1;4096;2048;3;37597278
1;7;1;2;2048;3;35838017
2;7;1;2;2048;3;38322382
0;8;1;4096;2048;3;37655938
1;8;1;2;2048;3;33724109
2;8;1;2;2048;3;33868888
0;9;1;4096;2048;3;37215825
1;9;1;2;2048;3;247174006
2;9;1;2;2048;3;222282708
0;1;512;4096;8;4;37673984
1;1;512;512;8;4;32332316
2;1;512;512;8;4;34013684
0;2;256;4096;8;4;37570258
1;2;256;512;8;4;43670732
2;2;256;512;8;4;49639462
0;3;170;4096;8;4;37417885
1;3;170;512;8;4;49732618
2;3;170;512;8;4;52230942
0;4;128;4096;8;4;37436024
1;4;128;512;8;4;58996273
2;4;128;512;8;4;62598357
0;5;102;4096;8;4;37341020
1;5;102;512;8;4;56686349
2;5;102;512;8;4;59082133
0;6;85;4096;8;4;37425585
1;6;85;512;8;4;57083324
2;6;85;512;8;4;60042293
0;7;73;4096;8;4;37410407
1;7;73;512;8;4;54923007
2;7;73;512;8;4;54709585
0;8;64;4096;8;4;37240642
1;8;64;512;8;4;52146657
2;8;64;512;8;4;52641328
0;9;56;4096;8;4;37703845
1;9;56;512;8;4;226360406
2;9;56;512;8;4;235265066
0;1;256;4096;16;4;37166334
1;1;256;256;16;4;31672270
2;1;256;256;16;4;32146179
0;2;128;4096;16;4;37473889
1;2;128;256;16;4;37057800
2;2;128;256;16;4;42130365
0;3;85;4096;16;4;37236675
1;3;85;256;16;4;37655761
2;3;85;256;16;4;41883212
0;4;64;4096;16;4;37487834
1;4;64;256;16;4;39792821
2;4;64;256;16;4;44679032
0;5;51;4096;16;4;37263965
1;5;51;256;16;4;41242389
2;5;51;256;16;4;46453584
0;6;42;4096;16;4;37898758
1;6;42;256;16;4;39482856
2;6;42;256;16;4;43125005
0;7;36;4096;16;4;37236190
1;7;36;256;16;4;39003761
2;7;36;256;16;4;43584391
0;8;32;4096;16;4;37521691
1;8;32;256;16;4;37644402
2;8;32;256;16;4;39603225
0;9;28;4096;16;4;37380157
1;9;28;256;16;4;238378834
2;9;28;256;16;4;220936144
0;1;128;4096;32;4;37670810
1;1;128;128;32;4;38419979
2;1;128;128;32;4;39301233
0;2;64;4096;32;4;37608949
1;2;64;128;32;4;32883432
2;2;64;128;32;4;37167984
0;3;42;4096;32;4;37527835
1;3;42;128;32;4;30952412
2;3;42;128;32;4;35112260
0;4;32;4096;32;4;37434467
1;4;32;128;32;4;30471881
2;4;32;128;32;4;34379657
0;5;25;4096;32;4;37306166
1;5;25;128;32;4;30946384
2;5;25;128;32;4;35711955
0;6;21;4096;32;4;37658227
1;6;21;128;32;4;29414991
2;6;21;128;32;4;35512272
0;7;18;4096;32;4;37451138
1;7;18;128;32;4;31819461
2;7;18;128;32;4;37766707
0;8;16;4096;32;4;37516103
1;8;16;128;32;4;31948884
2;8;16;128;32;4;34637854
0;9;14;4096;32;4;37461232
1;9;14;128;32;4;250251806
2;9;14;128;32;4;238458131
0;1;64;4096;64;4;37723458
1;1;64;64;64;4;37970617
2;1;64;64;64;4;38136128
0;2;32;4096;64;4;37063418
1;2;32;64;64;4;30981376
2;2;32;64;64;4;34445947
0;3;21;4096;64;4;37561263
1;3;21;64;64;4;27921274
2;3;21;64;64;4;30612652
0;4;16;4096;64;4;37401972
1;4;16;64;64;4;24420592
2;4;16;64;64;4;27761023
0;5;12;4096;64;4;37610901
1;5;12;64;64;4;24624493
2;5;12;64;64;4;31364797
0;6;10;4096;64;4;37631398
1;6;10;64;64;4;24055549
2;6;10;64;64;4;29460995
0;7;9;4096;64;4;37411197
1;7;9;64;64;4;25601147
2;7;9;64;64;4;31936746
0;8;8;4096;64;4;37506099
1;8;8;64;64;4;27050550
2;8;8;64;64;4;29958528
0;9;7;4096;64;4;37546175
1;9;7;64;64;4;273452189
2;9;7;64;64;4;257866950
0;1;32;4096;128;4;37458140
1;1;32;32;128;4;39376225
2;1;32;32;128;4;39983228
0;2;16;4096;128;4;37947292
1;2;16;32;128;4;31532861
2;2;16;32;128;4;32277522
0;3;10;4096;128;4;37479030
1;3;10;32;128;4;26974533
2;3;10;32;128;4;28040197
0;4;8;4096;128;4;37388659
1;4;8;32;128;4;23424841
2;4;8;32;128;4;25417679
0;5;6;4096;128;4;37396467
1;5;6;32;128;4;22421600
2;5;6;32;128;4;25622512
0;6;5;4096;128;4;37106176
1;6;5;32;128;4;21638427
2;6;5;32;128;4;27953866
0;7;4;4096;128;4;37507417
1;7;4;32;128;4;24227916
2;7;4;32;128;4;28579965
0;8;4;4096;128;4;37228894
1;8;4;32;128;4;22489231
2;8;4;32;128;4;26254836
0;9;3;4096;128;4;37260409
1;9;3;32;128;4;237018191
2;9;3;32;128;4;244362467
0;1;16;4096;256;4;37507604
1;1;16;16;256;4;39485557
2;1;16;16;256;4;39918669
0;2;8;4096;256;4;37320707
1;2;8;16;256;4;30469606
2;2;8;16;256;4;31313788
0;3;5;4096;256;4;37341277
1;3;5;16;256;4;25891996
2;3;5;16;256;4;25662501
0;4;4;4096;256;4;37318158
1;4;4;16;256;4;23433520
2;4;4;16;256;4;25592257
0;5;3;4096;256;4;37377874
1;5;3;16;256;4;21238398
2;5;3;16;256;4;24143298
0;6;2;4096;256;4;37448301
1;6;2;16;256;4;23053356
2;6;2;16;256;4;26923571
0;7;2;4096;256;4;37403651
1;7;2;16;256;4;23467517
2;7;2;16;256;4;28690797
0;8;2;4096;256;4;37356268
1;8;2;16;256;4;21107823
2;8;2;16;256;4;25321239
0;9;1;4096;256;4;37742811
1;9;1;16;256;4;256157754
2;9;1;16;256;4;234836383
0;1;8;4096;512;4;37289042
1;1;8;8;512;4;39577510
2;1;8;8;512;4;39960233
0;2;4;4096;512;4;37425798
1;2;4;8;512;4;30472327
2;2;4;8;512;4;30215394
0;3;2;4096;512;4;37279181
1;3;2;8;512;4;28104193
2;3;2;8;512;4;26213129
0;4;2;4096;512;4;37583921
1;4;2;8;512;4;21804336
2;4;2;8;512;4;23418778
0;5;1;4096;512;4;37440930
1;5;1;8;512;4;20769176
2;5;1;8;512;4;25358484
0;6;1;4096;512;4;37285369
1;6;1;8;512;4;22828307
2;6;1;8;512;4;26603508
0;7;1;4096;512;4;37421334
1;7;1;8;512;4;23064488
2;7;1;8;512;4;26392796
0;8;1;4096;512;4;37773314
1;8;1;8;512;4;21545348
2;8;1;8;512;4;24888077
0;9;1;4096;512;4;37164720
1;9;1;8;512;4;261847780
2;9;1;8;512;4;243755329
0;1;4;4096;1024;4;37310568
1;1;4;4;1024;4;39749799
2;1;4;4;1024;4;40261257
0;2;2;4096;1024;4;37513595
1;2;2;4;1024;4;30410953
2;2;2;4;1024;4;29821761
0;3;1;4096;1024;4;37298719
1;3;1;4;1024;4;27300216
2;3;1;4;1024;4;25789753
0;4;1;4096;1024;4;37823141
1;4;1;4;1024;4;22059201
2;4;1;4;1024;4;23520523
0;5;1;4096;1024;4;37386944
1;5;1;4;1024;4;22124192
2;5;1;4;1024;4;25036649
0;6;1;4096;1024;4;37517172
1;6;1;4;1024;4;23135284
2;6;1;4;1024;4;27165036
0;7;1;4096;1024;4;37431862
1;7;1;4;1024;4;25397478
2;7;1;4;1024;4;30109853
0;8;1;4096;1024;4;37689491
1;8;1;4;1024;4;24103304
2;8;1;4;1024;4;28629367
0;9;1;4096;1024;4;37373610
1;9;1;4;1024;4;252777732
2;9;1;4;1024;4;228425800
0;1;2;4096;2048;4;37228457
1;1;2;2;2048;4;39639876
2;1;2;2;2048;4;39864966
0;2;1;4096;2048;4;37525978
1;2;1;2;2048;4;30725257
2;2;1;2;2048;4;30004927
0;3;1;4096;2048;4;37618485
1;3;1;2;2048;4;30699729
2;3;1;2;2048;4;31574276
0;4;1;4096;2048;4;37279224
1;4;1;2;2048;4;32035463
2;4;1;2;2048;4;34532190
0;5;1;4096;2048;4;37445680
1;5;1;2;2048;4;34935614
2;5;1;2;2048;4;36200798
0;6;1;4096;2048;4;37368953
1;6;1;2;2048;4;32983127
2;6;1;2;2048;4;36078982
0;7;1;4096;2048;4;38396748
1;7;1;2;2048;4;35765059
2;7;1;2;2048;4;38858582
0;8;1;4096;2048;4;37862502
1;8;1;2;2048;4;33519090
2;8;1;2;2048;4;33514779
0;9;1;4096;2048;4;37381359
1;9;1;2;2048;4;253406625
2;9;1;2;2048;4;231096745
0;1;512;4096;8;5;37788536
1;1;512;512;8;5;32270737
2;1;512;512;8;5;32881072
0;2;256;4096;8;5;37507809
1;2;256;512;8;5;43120408
2;2;256;512;8;5;46997008
0;3;170;4096;8;5;37283002
1;3;170;512;8;5;52279364
2;3;170;512;8;5;56499492
0;4;128;4096;8;5;37232369
1;4;128;512;8;5;53453472
2;4;128;512;8;5;58561239
0;5;102;4096;8;5;37630583
1;5;102;512;8;5;54802046
2;5;102;512;8;5;57580362
0;6;85;4096;8;5;37349806
1;6;85;512;8;5;49147658
2;6;85;512;8;5;54197143
0;7;73;4096;8;5;37997447
1;7;73;512;8;5;53129106
2;7;73;512;8;5;55773344
0;8;64;4096;8;5;37399260
1;8;64;512;8;5;51770205
2;8;64;512;8;5;51068166
0;9;56;4096;8;5;37369975
1;9;56;512;8;5;229749578
2;9;56;512;8;5;209440984
0;1;256;4096;16;5;37257924
1;1;256;256;16;5;31496586
2;1;256;256;16;5;32048217
0;2;128;4096;16;5;37546242
1;2;128;256;16;5;36243183
2;2;128;256;16;5;42175436
0;3;85;4096;16;5;37561720
1;3;85;256;16;5;38911010
2;3;85;256;16;5;42877518
0;4;64;4096;16;5;37443597
1;4;64;256;16;5;39307593
2;4;64;256;16;5;45746902
0;5;51;4096;16;5;37265903
1;5;51;256;16;5;39720617
2;5;51;256;16;5;42985619
0;6;42;4096;16;5;37286823
1;6;42;256;16;5;41045686
2;6;42;256;16;5;44066765
0;7;36;4096;16;5;37677054
1;7;36;256;16;5;39503639
2;7;36;256;16;5;44119045
0;8;32;4096;16;5;37631429
1;8;32;256;16;5;37853220
2;8;32;256;16;5;39908162
0;9;28;4096;16;5;37264202
1;9;28;256;16;5;244537087
2;9;28;256;16;5;241642583
0;1;128;4096;32;5;39024748
1;1;128;128;32;5;38244963
2;1;128;128;32;5;38747851
0;2;64;4096;32;5;37527164
1;2;64;128;32;5;32515010
2;2;64;128;32;5;36438544
0;3;42;4096;32;5;37194922
1;3;42;128;32;5;31074977
2;3;42;128;32;5;34091055
0;4;32;4096;32;5;37420274
1;4;32;128;32;5;30601159
2;4;32;128;32;5;34654405
0;5;25;4096;32;5;37384097
1;5;25;128;32;5;29990496
2;5;25;128;32;5;35197061
0;6;21;4096;32;5;37811852
1;6;21;128;32;5;29860689
2;6;21;128;32;5;37618534
0;7;18;4096;32;5;37467221
1;7;18;128;32;5;31660817
2;7;18;128;32;5;37558473
0;8;16;4096;32;5;37407126
1;8;16;128;32;5;30615173
2;8;16;128;32;5;33484042
0;9;14;4096;32;5;37476618
1;9;14;128;32;5;243981785
2;9;14;128;32;5;243420912
0;1;64;4096;64;5;37522281
1;1;64;64;64;5;37780583
2;1;64;64;64;5;37976297
0;2;32;4096;64;5;37525797
1;2;32;64;64;5;31067052
2;2;32;64;64;5;34236062
0;3;21;4096;64;5;37495122
1;3;21;64;64;5;27675815
2;3;21;64;64;5;30108853
0;4;16;4096;64;5;37353688
1;4;16;64;64;5;24663599
2;4;16;64;64;5;27972813
0;5;12;4096;64;5;37342761
1;5;12;64;64;5;25135958
2;5;12;64;64;5;29608474
0;6;10;4096;64;5;37615737
1;6;10;64;64;5;24474512
2;6;10;64;64;5;29765288
0;7;9;4096;64;5;37546662
1;7;9;64;64;5;25528511
2;7;9;64;64;5;32033307
0;8;8;4096;64;5;37767894
1;8;8;64;64;5;24864134
2;8;8;64;64;5;29453525
0;9;7;4096;64;5;37318602
1;9;7;64;64;5;247002720
2;9;7;64;64;5;233512356
0;1;32;4096;128;5;37432488
1;1;32;32;128;5;39367220
2;1;32;32;128;5;39951595
0;2;16;4096;128;5;37590741
1;2;16;32;128;5;32013817
2;2;16;32;128;5;33370722
0;3;10;4096;128;5;37343054
1;3;10;32;128;5;27001928
2;3;10;32;128;5;27946394
0;4;8;4096;128;5;37444179
1;4;8;32;128;5;23001265
2;4;8;32;128;5;25253818
0;5;6;4096;128;5;37330483
1;5;6;32;128;5;22356206
2;5;6;32;128;5;25613342
0;6;5;4096;128;5;37875212
1;6;5;32;128;5;23769527
2;6;5;32;128;5;28017687
0;7;4;4096;128;5;37785401
1;7;4;32;128;5;25535159
2;7;4;32;128;5;24223513
0;8;4;4096;128;5;37503346
1;8;4;32;128;5;21546524
2;8;4;32;128;5;26216537
0;9;3;4096;128;5;37429744
1;9;3;32;128;5;249786483
2;9;3;32;128;5;249764322
0;1;16;4096;256;5;37235584
1;1;16;16;256;5;39452144
2;1;16;16;256;5;39853380
0;2;8;4096;256;5;37581139
1;2;8;16;256;5;31713253
2;2;8;16;256;5;32426385
0;3;5;4096;256;5;37422733
1;3;5;16;256;5;25678572
2;3;5;16;256;5;25869171
0;4;4;4096;256;5;37464746
1;4;4;16;256;5;22153208
2;4;4;16;256;5;25751800
0;5;3;4096;256;5;38013676
1;5;3;16;256;5;23931038
2;5;3;16;256;5;27135327
0;6;2;4096;256;5;37234430
1;6;2;16;256;5;23328998
2;6;2;16;256;5;27345520
0;7;2;4096;256;5;37897533
1;7;2;16;256;5;25108148
2;7;2;16;256;5;23891703
0;8;2;4096;256;5;37261512
1;8;2;16;256;5;23554653
2;8;2;16;256;5;25374753
0;9;1;4096;256;5;37362622
1;9;1;16;256;5;253003521
2;9;1;16;256;5;246451410
0;1;8;4096;512;5;37436697
1;1;8;8;512;5;39552593
2;1;8;8;512;5;40131425
0;2;4;4096;512;5;37347751
1;2;4;8;512;5;30593938
2;2;4;8;512;5;30496312
0;3;2;4096;512;5;37452626
1;3;2;8;512;5;27630560
2;3;2;8;512;5;26441724
0;4;2;4096;512;5;37457393
1;4;2;8;512;5;21975162
2;4;2;8;512;5;23437502
0;5;1;4096;512;5;37634638
1;5;1;8;512;5;22929042
2;5;1;8;512;5;25746844
0;6;1;4096;512;5;37299431
1;6;1;8;512;5;20905643
2;6;1;8;512;5;26311768
0;7;1;4096;512;5;37397154
1;7;1;8;512;5;23175416
2;7;1;8;512;5;26613878
0;8;1;4096;512;5;37589304
1;8;1;8;512;5;21192690
2;8;1;8;512;5;24681163
0;9;1;4096;512;5;37351336
1;9;1;8;512;5;241573267
2;9;1;8;512;5;234003651
0;1;4;4096;1024;5;37596322
1;1;4;4;1024;5;39884412
2;1;4;4;1024;5;40469452
0;2;2;4096;1024;5;37160683
1;2;2;4;1024;5;31442473
2;2;2;4;1024;5;30657447
0;3;1;4096;1024;5;37969102
1;3;1;4;1024;5;28834206
2;3;1;4;1024;5;28067541
0;4;1;4096;1024;5;37433827
1;4;1;4;1024;5;21792347
2;4;1;4;1024;5;23202297
0;5;1;4096;1024;5;37292691
1;5;1;4;1024;5;22807756
2;5;1;4;1024;5;25567302
0;6;1;4096;1024;5;37270894
1;6;1;4;1024;5;23022984
2;6;1;4;1024;5;26895799
0;7;1;4096;1024;5;37591201
1;7;1;4;1024;5;24708676
2;7;1;4;1024;5;26003254
0;8;1;4096;1024;5;37767934
1;8;1;4;1024;5;24309990
2;8;1;4;1024;5;28966240
0;9;1;4096;1024;5;37331537
1;9;1;4;1024;5;255092376
2;9;1;4;1024;5;242538232
0;1;2;4096;2048;5;37820029
1;1;2;2;2048;5;39895272
2;1;2;2;2048;5;40186525
0;2;1;4096;2048;5;37474944
1;2;1;2;2048;5;31732444
2;2;1;2;2048;5;30731520
0;3;1;4096;2048;5;37611266
1;3;1;2;2048;5;32000448
2;3;1;2;2048;5;32980093
0;4;1;4096;2048;5;37647436
1;4;1;2;2048;5;32022690
2;4;1;2;2048;5;33014998
0;5;1;4096;2048;5;37476280
1;5;1;2;2048;5;32671812
2;5;1;2;2048;5;33965604
0;6;1;4096;2048;5;37263713
1;6;1;2;2048;5;33629442
2;6;1;2;2048;5;38156129
0;7;1;4096;2048;5;37887273
1;7;1;2;2048;5;35893234
2;7;1;2;2048;5;38872805
0;8;1;4096;2048;5;37441474
1;8;1;2;2048;5;33448678
2;8;1;2;2048;5;34303523
0;9;1;4096;2048;5;37411332
1;9;1;2;2048;5;252299631
2;9;1;2;2048;5;236690460
0;1;512;4096;8;6;37583293
1;1;512;512;8;6;32193360
2;1;512;512;8;6;32735301
0;2;256;4096;8;6;37393536
1;2;256;512;8;6;39555944
2;2;256;512;8;6;43137635
0;3;170;4096;8;6;37495913
1;3;170;512;8;6;53254418
2;3;170;512;8;6;56951564
0;4;128;4096;8;6;37907935
1;4;128;512;8;6;58258908
2;4;128;512;8;6;62436310
0;5;102;4096;8;6;37554543
1;5;102;512;8;6;56729439
2;5;102;512;8;6;61026741
0;6;85;4096;8;6;37306504
1;6;85;512;8;6;50750814
2;6;85;512;8;6;54279348
0;7;73;4096;8;6;37399170
1;7;73;512;8;6;49968358
2;7;73;512;8;6;50515729
0;8;64;4096;8;6;37393635
1;8;64;512;8;6;47360211
2;8;64;512;8;6;49975051
0;9;56;4096;8;6;37497463
1;9;56;512;8;6;232376577
2;9;56;512;8;6;219834325
0;1;256;4096;16;6;37246768
1;1;256;256;16;6;31660391
2;1;256;256;16;6;32131610
0;2;128;4096;16;6;37374967
1;2;128;256;16;6;36336987
2;2;128;256;16;6;41662530
0;3;85;4096;16;6;37244945
1;3;85;256;16;6;38706489
2;3;85;256;16;6;43383331
0;4;64;4096;16;6;37234718
1;4;64;256;16;6;39765026
2;4;64;256;16;6;43945606
0;5;51;4096;16;6;37289010
1;5;51;256;16;6;40507774
2;5;51;256;16;6;43701551
0;6;42;4096;16;6;37334442
1;6;42;256;16;6;40478736
2;6;42;256;16;6;44360164
0;7;36;4096;16;6;38504860
1;7;36;256;16;6;38678816
2;7;36;256;16;6;43545858
0;8;32;4096;16;6;37677042
1;8;32;256;16;6;38262076
2;8;32;256;16;6;39559084
0;9;28;4096;16;6;37305652
1;9;28;256;16;6;240730271
2;9;28;256;16;6;267393648
0;1;128;4096;32;6;37877416
1;1;128;128;32;6;38527035
2;1;128;128;32;6;39177730
0;2;64;4096;32;6;37428831
1;2;64;128;32;6;33478130
2;2;64;128;32;6;37610374
0;3;42;4096;32;6;37468896
1;3;42;128;32;6;31635157
2;3;42;128;32;6;35521625
0;4;32;4096;32;6;37453776
1;4;32;128;32;6;29885654
2;4;32;128;32;6;34627325
0;5;25;4096;32;6;37154018
1;5;25;128;32;6;31187783
2;5;25;128;32;6;35589850
0;6;21;4096;32;6;37278048
1;6;21;128;32;6;31808885
2;6;21;128;32;6;37633089
0;7;18;4096;32;6;37699676
1;7;18;128;32;6;33471042
2;7;18;128;32;6;34463788
0;8;16;4096;32;6;37368331
1;8;16;128;32;6;30884493
2;8;16;128;32;6;34316313
0;9;14;4096;32;6;37478576
1;9;14;128;32;6;252049120
2;9;14;128;32;6;263253300
0;1;64;4096;64;6;37533826
1;1;64;64;64;6;37836447
2;1;64;64;64;6;37806007
0;2;32;4096;64;6;37377752
1;2;32;64;64;6;31328721
2;2;32;64;64;6;34564340
0;3;21;4096;64;6;37121794
1;3;21;64;64;6;26586649
2;3;21;64;64;6;29169641
0;4;16;4096;64;6;37589821
1;4;16;64;64;6;24936065
2;4;16;64;64;6;28127495
0;5;12;4096;64;6;37347146
1;5;12;64;64;6;26831013
2;5;12;64;64;6;31419044
0;6;10;4096;64;6;37401183
1;6;10;64;64;6;26389613
2;6;10;64;64;6;31955744
0;7;9;4096;64;6;37331690
1;7;9;64;64;6;25735419
2;7;9;64;64;6;32086286
0;8;8;4096;64;6;37316206
1;8;8;64;64;6;25873056
2;8;8;64;64;6;29954079
0;9;7;4096;64;6;37507755
1;9;7;64;64;6;241851894
2;9;7;64;64;6;232070171
0;1;32;4096;128;6;37329174
1;1;32;32;128;6;39619258
2;1;32;32;128;6;39861519
0;2;16;4096;128;6;37192787
1;2;16;32;128;6;30574237
2;2;16;32;128;6;32264123
0;3;10;4096;128;6;37423113
1;3;10;32;128;6;26883173
2;3;10;32;128;6;27180070
0;4;8;4096;128;6;37222121
1;4;8;32;128;6;23777155
2;4;8;32;128;6;24952783
0;5;6;4096;128;6;37579188
1;5;6;32;128;6;24501881
2;5;6;32;128;6;28155853
0;6;5;4096;128;6;37324228
1;6;5;32;128;6;21587178
2;6;5;32;128;6;26209076
0;7;4;4096;128;6;37346914
1;7;4;32;128;6;24622901
2;7;4;32;128;6;29064613
0;8;4;4096;128;6;37469025
1;8;4;32;128;6;23468139
2;8;4;32;128;6;27010543
0;9;3;4096;128;6;37333533
1;9;3;32;128;6;252028387
2;9;3;32;128;6;269959005
0;1;16;4096;256;6;37391519
1;1;16;16;256;6;39415387
2;1;16;16;256;6;39888509
0;2;8;4096;256;6;37392963
1;2;8;16;256;6;31336201
2;2;8;16;256;6;32315695
0;3;5;4096;256;6;37396188
1;3;5;16;256;6;25851832
2;3;5;16;256;6;26159023
0;4;4;4096;256;6;37373460
1;4;4;16;256;6;22152782
2;4;4;16;256;6;24281863
0;5;3;4096;256;6;37224020
1;5;3;16;256;6;21879897
2;5;3;16;256;6;24590134
0;6;2;4096;256;6;37207812
1;6;2;16;256;6;21565708
2;6;2;16;256;6;24840915
0;7;2;4096;256;6;37437224
1;7;2;16;256;6;23729962
2;7;2;16;256;6;27401821
0;8;2;4096;256;6;37284955
1;8;2;16;256;6;22144925
2;8;2;16;256;6;25817154
0;9;1;4096;256;6;37486310
1;9;1;16;256;6;241757329
2;9;1;16;256;6;248907177
0;1;8;4096;512;6;37659780
1;1;8;8;512;6;39690545
2;1;8;8;512;6;40087807
0;2;4;4096;512;6;37465214
1;2;4;8;512;6;31042041
2;2;4;8;512;6;30516313
0;3;2;4096;512;6;37082600
1;3;2;8;512;6;27932892
2;3;2;8;512;6;26738258
0;4;2;4096;512;6;37514628
1;4;2;8;512;6;22045976
2;4;2;8;512;6;23387559
0;5;1;4096;512;6;37433570
1;5;1;8;512;6;21469908
2;5;1;8;512;6;24025515
0;6;1;4096;512;6;37323197
1;6;1;8;512;6;21185387
2;6;1;8;512;6;24359003
0;7;1;4096;512;6;37374460
1;7;1;8;512;6;22812028
2;7;1;8;512;6;21591043
0;8;1;4096;512;6;37351008
1;8;1;8;512;6;20832670
2;8;1;8;512;6;24388626
0;9;1;4096;512;6;37252185
1;9;1;8;512;6;235966344
2;9;1;8;512;6;252270179
0;1;4;4096;1024;6;37303760
1;1;4;4;1024;6;39515404
2;1;4;4;1024;6;40376772
0;2;2;4096;1024;6;37498143
1;2;2;4;1024;6;30691050
2;2;2;4;1024;6;30186833
0;3;1;4096;1024;6;37636457
1;3;1;4;1024;6;28162719
2;3;1;4;1024;6;27226648
0;4;1;4096;1024;6;37356266
1;4;1;4;1024;6;21540314
2;4;1;4;1024;6;24984825
0;5;1;4096;1024;6;37805629
1;5;1;4;1024;6;25675415
2;5;1;4;1024;6;25544532
0;6;1;4096;1024;6;37574285
1;6;1;4;1024;6;25592119
2;6;1;4;1024;6;29593881
0;7;1;4096;1024;6;37436402
1;7;1;4;1024;6;25754983
2;7;1;4;1024;6;30460220
0;8;1;4096;1024;6;37291913
1;8;1;4;1024;6;24077548
2;8;1;4;1024;6;28487528
0;9;1;4096;1024;6;37397083
1;9;1;4;1024;6;274479873
2;9;1;4;1024;6;259208626
0;1;2;4096;2048;6;37462845
1;1;2;2;2048;6;39705178
2;1;2;2;2048;6;40139421
0;2;1;4096;2048;6;37394546
1;2;1;2;2048;6;31359601
2;2;1;2;2048;6;30415432
0;3;1;4096;2048;6;37381389
1;3;1;2;2048;6;31470414
2;3;1;2;2048;6;32010910
0;4;1;4096;2048;6;37484431
1;4;1;2;2048;6;32421532
2;4;1;2;2048;6;32923139
0;5;1;4096;2048;6;37403282
1;5;1;2;2048;6;34748354
2;5;1;2;2048;6;36179815
0;6;1;4096;2048;6;37384228
1;6;1;2;2048;6;34973779
2;6;1;2;2048;6;37604834
0;7;1;4096;2048;6;37835546
1;7;1;2;2048;6;35685043
2;7;1;2;2048;6;38587370
0;8;1;4096;2048;6;37409016
1;8;1;2;2048;6;33276798
2;8;1;2;2048;6;33658740
0;9;1;4096;2048;6;37329311
1;9;1;2;2048;6;253776299
2;9;1;2;2048;6;229859328
0;1;512;4096;8;7;37689051
1;1;512;512;8;7;32325260
2;1;512;512;8;7;32707127
0;2;256;4096;8;7;37776132
1;2;256;512;8;7;38757966
2;2;256;512;8;7;45356821
0;3;170;4096;8;7;37400146
1;3;170;512;8;7;50562923
2;3;170;512;8;7;55413326
0;4;128;4096;8;7;37333990
1;4;128;512;8;7;56030622
2;4;128;512;8;7;57511882
0;5;102;4096;8;7;37659085
1;5;102;512;8;7;55788239
2;5;102;512;8;7;58332689
0;6;85;4096;8;7;37245526
1;6;85;512;8;7;46905285
2;6;85;512;8;7;51155837
0;7;73;4096;8;7;37438748
1;7;73;512;8;7;49942997
2;7;73;512;8;7;54149722
0;8;64;4096;8;7;37505339
1;8;64;512;8;7;51406258
2;8;64;512;8;7;54065059
0;9;56;4096;8;7;37435241
1;9;56;512;8;7;238924807
2;9;56;512;8;7;239906348
0;1;256;4096;16;7;37593983
1;1;256;256;16;7;31424124
2;1;256;256;16;7;32049859
0;2;128;4096;16;7;37539538
1;2;128;256;16;7;37022649
2;2;128;256;16;7;41904346
0;3;85;4096;16;7;37652597
1;3;85;256;16;7;38743058
2;3;85;256;16;7;42379924
0;4;64;4096;16;7;37352800
1;4;64;256;16;7;38451283
2;4;64;256;16;7;42905009
0;5;51;4096;16;7;37406861
1;5;51;256;16;7;39701249
2;5;51;256;16;7;43156176
0;6;42;4096;16;7;37420528
1;6;42;256;16;7;38129320
2;6;42;256;16;7;41925017
0;7;36;4096;16;7;37156656
1;7;36;256;16;7;39779271
2;7;36;256;16;7;44073376
0;8;32;4096;16;7;37336789
1;8;32;256;16;7;38629228
2;8;32;256;16;7;39160048
0;9;28;4096;16;7;37327443
1;9;28;256;16;7;244984348
2;9;28;256;16;7;229493800
0;1;128;4096;32;7;37425739
1;1;128;128;32;7;38151383
2;1;128;128;32;7;38877802
0;2;64;4096;32;7;37239299
1;2;64;128;32;7;32816264
2;2;64;128;32;7;36391934
0;3;42;4096;32;7;37429314
1;3;42;128;32;7;31697216
2;3;42;128;32;7;34719660
0;4;32;4096;32;7;37544191
1;4;32;128;32;7;31755874
2;4;32;128;32;7;35691212
0;5;25;4096;32;7;37370391
1;5;25;128;32;7;30104739
2;5;25;128;32;7;35109917
0;6;21;4096;32;7;37332118
1;6;21;128;32;7;31662586
2;6;21;128;32;7;37815899
0;7;18;4096;32;7;37550500
1;7;18;128;32;7;31739891
2;7;18;128;32;7;37610265
0;8;16;4096;32;7;37484193
1;8;16;128;32;7;30961823
2;8;16;128;32;7;34111214
0;9;14;4096;32;7;37220112
1;9;14;128;32;7;241148264
2;9;14;128;32;7;241782537
0;1;64;4096;64;7;37726198
1;1;64;64;64;7;38051168
2;1;64;64;64;7;38098289
0;2;32;4096;64;7;37558117
1;2;32;64;64;7;30969532
2;2;32;64;64;7;34624866
0;3;21;4096;64;7;37395712
1;3;21;64;64;7;27085881
2;3;21;64;64;7;29432938
0;4;16;4096;64;7;37403479
1;4;16;64;64;7;24284260
2;4;16;64;64;7;27894145
0;5;12;4096;64;7;37403390
1;5;12;64;64;7;27268632
2;5;12;64;64;7;31666383
0;6;10;4096;64;7;37201444
1;6;10;64;64;7;26252165
2;6;10;64;64;7;31536678
0;7;9;4096;64;7;37523826
1;7;9;64;64;7;25779715
2;7;9;64;64;7;32352556
0;8;8;4096;64;7;37666064
1;8;8;64;64;7;24704586
2;8;8;64;64;7;29470349
0;9;7;4096;64;7;37525075
1;9;7;64;64;7;239898242
2;9;7;64;64;7;253074265
0;1;32;4096;128;7;37392018
1;1;32;32;128;7;39459679
2;1;32;32;128;7;39929827
0;2;16;4096;128;7;37502246
1;2;16;32;128;7;30945653
2;2;16;32;128;7;32335228
0;3;10;4096;128;7;37325619
1;3;10;32;128;7;26635016
2;3;10;32;128;7;27095127
0;4;8;4096;128;7;37469630
1;4;8;32;128;7;24279103
2;4;8;32;128;7;26609363
0;5;6;4096;128;7;37245890
1;5;6;32;128;7;22631186
2;5;6;32;128;7;26221074
0;6;5;4096;128;7;37610064
1;6;5;32;128;7;21737149
2;6;5;32;128;7;26257714
0;7;4;4096;128;7;37537047
1;7;4;32;128;7;24242811
2;7;4;32;128;7;28931767
0;8;4;4096;128;7;37115126
1;8;4;32;128;7;22722636
2;8;4;32;128;7;26475875
0;9;3;4096;128;7;37489586
1;9;3;32;128;7;243657665
2;9;3;32;128;7;242880709
0;1;16;4096;256;7;37489655
1;1;16;16;256;7;39853475
2;1;16;16;256;7;40294871
0;2;8;4096;256;7;37133263
1;2;8;16;256;7;30657566
2;2;8;16;256;7;31265294
0;3;5;4096;256;7;37225985
1;3;5;16;256;7;26108209
2;3;5;16;256;7;26180824
0;4;4;4096;256;7;37480441
1;4;4;16;256;7;22684354
2;4;4;16;256;7;23957390
0;5;3;4096;256;7;37283111
1;5;3;16;256;7;21073939
2;5;3;16;256;7;25993905
0;6;2;4096;256;7;37856909
1;6;2;16;256;7;21542666
2;6;2;16;256;7;25558582
0;7;2;4096;256;7;37656488
1;7;2;16;256;7;23327091
2;7;2;16;256;7;27644382
0;8;2;4096;256;7;37635640
1;8;2;16;256;7;21956239
2;8;2;16;256;7;25428689
0;9;1;4096;256;7;37612874
1;9;1;16;256;7;255239379
2;9;1;16;256;7;251393514
0;1;8;4096;512;7;37254587
1;1;8;8;512;7;39458232
2;1;8;8;512;7;39911934
0;2;4;4096;512;7;37194275
1;2;4;8;512;7;31049242
2;2;4;8;512;7;30856113
0;3;2;4096;512;7;37349671
1;3;2;8;512;7;27566041
2;3;2;8;512;7;26266769
0;4;2;4096;512;7;37176663
1;4;2;8;512;7;22021519
2;4;2;8;512;7;25313895
0;5;1;4096;512;7;37258114
1;5;1;8;512;7;20930381
2;5;1;8;512;7;23542542
0;6;1;4096;512;7;37490697
1;6;1;8;512;7;23042804
2;6;1;8;512;7;26576109
0;7;1;4096;512;7;37374483
1;7;1;8;512;7;22993528
2;7;1;8;512;7;26958066
0;8;1;4096;512;7;37329060
1;8;1;8;512;7;19684949
2;8;1;8;512;7;24441612
0;9;1;4096;512;7;38033788
1;9;1;8;512;7;256403102
2;9;1;8;512;7;245239213
0;1;4;4096;1024;7;37334838
1;1;4;4;1024;7;39542889
2;1;4;4;1024;7;40048507
0;2;2;4096;1024;7;37146866
1;2;2;4;1024;7;30844286
2;2;2;4;1024;7;30269957
0;3;1;4096;1024;7;37709965
1;3;1;4;1024;7;29011646
2;3;1;4;1024;7;28213384
0;4;1;4096;1024;7;37549654
1;4;1;4;1024;7;21863332
2;4;1;4;1024;7;25044087
0;5;1;4096;1024;7;37249686
1;5;1;4;1024;7;22443703
2;5;1;4;1024;7;25457592
0;6;1;4096;1024;7;37367537
1;6;1;4;1024;7;23332479
2;6;1;4;1024;7;29584821
0;7;1;4096;1024;7;37482793
1;7;1;4;1024;7;25517372
2;7;1;4;1024;7;30458719
0;8;1;4096;1024;7;37506873
1;8;1;4;1024;7;23931475
2;8;1;4;1024;7;28914061
0;9;1;4096;1024;7;37298969
1;9;1;4;1024;7;241457356
2;9;1;4;1024;7;231445310
0;1;2;4096;2048;7;37522852
1;1;2;2;2048;7;40245714
2;1;2;2;2048;7;40147063
0;2;1;4096;2048;7;37369944
1;2;1;2;2048;7;30691866
2;2;1;2;2048;7;30266291
0;3;1;4096;2048;7;37458318
1;3;1;2;2048;7;31178095
2;3;1;2;2048;7;32027512
0;4;1;4096;2048;7;37393724
1;4;1;2;2048;7;31783178
2;4;1;2;2048;7;32602289
0;5;1;4096;2048;7;37371422
1;5;1;2;2048;7;32342904
2;5;1;2;2048;7;33699537
0;6;1;4096;2048;7;37263245
1;6;1;2;2048;7;33230285
2;6;1;2;2048;7;35981001
0;7;1;4096;2048;7;37690649
1;7;1;2;2048;7;35878823
2;7;1;2;2048;7;38602783
0;8;1;4096;2048;7;37224412
1;8;1;2;2048;7;33890235
2;8;1;2;2048;7;34177017
0;9;1;4096;2048;7;37287945
1;9;1;2;2048;7;265484351
2;9;1;2;2048;7;230045000
0;1;512;4096;8;8;37423840
1;1;512;512;8;8;32232386
2;1;512;512;8;8;32889537
0;2;256;4096;8;8;37156989
1;2;256;512;8;8;40872216
2;2;256;512;8;8;48725592
0;3;170;4096;8;8;37313458
1;3;170;512;8;8;53520769
2;3;170;512;8;8;57399415
0;4;128;4096;8;8;37431646
1;4;128;512;8;8;47975855
2;4;128;512;8;8;51628939
0;5;102;4096;8;8;37526629
1;5;102;512;8;8;58928910
2;5;102;512;8;8;59879659
0;6;85;4096;8;8;37613091
1;6;85;512;8;8;50646389
2;6;85;512;8;8;54276360
0;7;73;4096;8;8;37293515
1;7;73;512;8;8;48480196
2;7;73;512;8;8;49910481
0;8;64;4096;8;8;37409488
1;8;64;512;8;8;52343562
2;8;64;512;8;8;53279548
0;9;56;4096;8;8;37190755
1;9;56;512;8;8;229275204
2;9;56;512;8;8;225219566
0;1;256;4096;16;8;37246876
1;1;256;256;16;8;31656958
2;1;256;256;16;8;32113847
0;2;128;4096;16;8;37461891
1;2;128;256;16;8;36528903
2;2;128;256;16;8;41730572
0;3;85;4096;16;8;37284545
1;3;85;256;16;8;38395545
2;3;85;256;16;8;43133615
0;4;64;4096;16;8;37346168
1;4;64;256;16;8;40804484
2;4;64;256;16;8;44430983
0;5;51;4096;16;8;37309920
1;5;51;256;16;8;41919102
2;5;51;256;16;8;45588757
0;6;42;4096;16;8;37189158
1;6;42;256;16;8;38901884
2;6;42;256;16;8;43361341
0;7;36;4096;16;8;37401611
1;7;36;256;16;8;39996609
2;7;36;256;16;8;40233768
0;8;32;4096;16;8;37417138
1;8;32;256;16;8;38258021
2;8;32;256;16;8;39214686
0;9;28;4096;16;8;37259462
1;9;28;256;16;8;228351992
2;9;28;256;16;8;240097426
0;1;128;4096;32;8;37447913
1;1;128;128;32;8;37926592
2;1;128;128;32;8;38902755
0;2;64;4096;32;8;38151301
1;2;64;128;32;8;33437892
2;2;64;128;32;8;38219724
0;3;42;4096;32;8;37414812
1;3;42;128;32;8;31547875
2;3;42;128;32;8;34267204
0;4;32;4096;32;8;37514321
1;4;32;128;32;8;30417716
2;4;32;128;32;8;34635498
0;5;25;4096;32;8;37526061
1;5;25;128;32;8;31071638
2;5;25;128;32;8;36631059
0;6;21;4096;32;8;37530151
1;6;21;128;32;8;29408034
2;6;21;128;32;8;37232474
0;7;18;4096;32;8;37850862
1;7;18;128;32;8;31191448
2;7;18;128;32;8;37508605
0;8;16;4096;32;8;37374353
1;8;16;128;32;8;30996309
2;8;16;128;32;8;33881510
0;9;14;4096;32;8;37245359
1;9;14;128;32;8;255440984
2;9;14;128;32;8;225993336
0;1;64;4096;64;8;37405830
1;1;64;64;64;8;39638265
2;1;64;64;64;8;38098124
0;2;32;4096;64;8;38085171
1;2;32;64;64;8;30830824
2;2;32;64;64;8;34119846
0;3;21;4096;64;8;37470346
1;3;21;64;64;8;27539857
2;3;21;64;64;8;29379611
0;4;16;4096;64;8;37377898
1;4;16;64;64;8;24600580
2;4;16;64;64;8;28061193
0;5;12;4096;64;8;37339436
1;5;12;64;64;8;25468190
2;5;12;64;64;8;29775582
0;6;10;4096;64;8;37700425
1;6;10;64;64;8;26691046
2;6;10;64;64;8;31829997
0;7;9;4096;64;8;37417568
1;7;9;64;64;8;25573550
2;7;9;64;64;8;31766712
0;8;8;4096;64;8;37401794
1;8;8;64;64;8;25697469
2;8;8;64;64;8;28989907
0;9;7;4096;64;8;37435601
1;9;7;64;64;8;234178197
2;9;7;64;64;8;243488174
0;1;32;4096;128;8;37423728
1;1;32;32;128;8;39610009
2;1;32;32;128;8;39840859
0;2;16;4096;128;8;37341256
1;2;16;32;128;8;31056806
2;2;16;32;128;8;32032413
0;3;10;4096;128;8;37216195
1;3;10;32;128;8;26431740
2;3;10;32;128;8;26972457
0;4;8;4096;128;8;37721240
1;4;8;32;128;8;24561571
2;4;8;32;128;8;27129894
0;5;6;4096;128;8;37324244
1;5;6;32;128;8;21976263
2;5;6;32;128;8;27428510
0;6;5;4096;128;8;37186290
1;6;5;32;128;8;21731995
2;6;5;32;128;8;26427338
0;7;4;4096;128;8;37478979
1;7;4;32;128;8;24725450
2;7;4;32;128;8;29268277
0;8;4;4096;128;8;37389843
1;8;4;32;128;8;22970868
2;8;4;32;128;8;26657188
0;9;3;4096;128;8;37545766
1;9;3;32;128;8;240919827
2;9;3;32;128;8;231149178
0;1;16;4096;256;8;37254711
1;1;16;16;256;8;39479793
2;1;16;16;256;8;39835577
0;2;8;4096;256;8;37321670
1;2;8;16;256;8;30295078
2;2;8;16;256;8;31487926
0;3;5;4096;256;8;37286540
1;3;5;16;256;8;26358872
2;3;5;16;256;8;27162785
0;4;4;4096;256;8;37310798
1;4;4;16;256;8;21795811
2;4;4;16;256;8;23817949
0;5;3;4096;256;8;37311617
1;5;3;16;256;8;21274451
2;5;3;16;256;8;23756591
0;6;2;4096;256;8;37426084
1;6;2;16;256;8;22823464
2;6;2;16;256;8;26639091
0;7;2;4096;256;8;37527700
1;7;2;16;256;8;23694410
2;7;2;16;256;8;22759868
0;8;2;4096;256;8;37317984
1;8;2;16;256;8;21857509
2;8;2;16;256;8;25373307
0;9;1;4096;256;8;37330788
1;9;1;16;256;8;245590816
2;9;1;16;256;8;262935573
0;1;8;4096;512;8;37514047
1;1;8;8;512;8;39714882
2;1;8;8;512;8;40097196
0;2;4;4096;512;8;37393078
1;2;4;8;512;8;30839861
2;2;4;8;512;8;30664967
0;3;2;4096;512;8;37600915
1;3;2;8;512;8;27976648
2;3;2;8;512;8;27376077
0;4;2;4096;512;8;37511484
1;4;2;8;512;8;22030537
2;4;2;8;512;8;23699867
0;5;1;4096;512;8;37296261
1;5;1;8;512;8;23484277
2;5;1;8;512;8;26172887
0;6;1;4096;512;8;37257513
1;6;1;8;512;8;20546946
2;6;1;8;512;8;26507440
0;7;1;4096;512;8;37438152
1;7;1;8;512;8;22829691
2;7;1;8;512;8;22002086
0;8;1;4096;512;8;37387638
1;8;1;8;512;8;20670050
2;8;1;8;512;8;24220910
0;9;1;4096;512;8;37211205
1;9;1;8;512;8;239965842
2;9;1;8;512;8;236695353
0;1;4;4096;1024;8;37299211
1;1;4;4;1024;8;39712156
2;1;4;4;1024;8;39980017
0;2;2;4096;1024;8;37280163
1;2;2;4;1024;8;30355678
2;2;2;4;1024;8;29926697
0;3;1;4096;1024;8;37373631
1;3;1;4;1024;8;28204133
2;3;1;4;1024;8;27190402
0;4;1;4096;1024;8;37411075
1;4;1;4;1024;8;21365272
2;4;1;4;1024;8;22966876
0;5;1;4096;1024;8;37394836
1;5;1;4;1024;8;22337684
2;5;1;4;1024;8;25267614
0;6;1;4096;1024;8;37299043
1;6;1;4;1024;8;22364908
2;6;1;4;1024;8;26417347
0;7;1;4096;1024;8;37521851
1;7;1;4;1024;8;25893290
2;7;1;4;1024;8;30317597
0;8;1;4096;1024;8;37513621
1;8;1;4;1024;8;25234518
2;8;1;4;1024;8;28482352
0;9;1;4096;1024;8;37209218
1;9;1;4;1024;8;251785592
2;9;1;4;1024;8;228063305
0;1;2;4096;2048;8;37481773
1;1;2;2;2048;8;39679735
2;1;2;2;2048;8;39998006
0;2;1;4096;2048;8;37182535
1;2;1;2;2048;8;30578765
2;2;1;2;2048;8;29801195
0;3;1;4096;2048;8;37221686
1;3;1;2;2048;8;30838446
2;3;1;2;2048;8;31496456
0;4;1;4096;2048;8;38153479
1;4;1;2;2048;8;33801058
2;4;1;2;2048;8;35919920
0;5;1;4096;2048;8;37617582
1;5;1;2;2048;8;33025449
2;5;1;2;2048;8;34413562
0;6;1;4096;2048;8;37374567
1;6;1;2;2048;8;35116725
2;6;1;2;2048;8;38056147
0;7;1;4096;2048;8;37456442
1;7;1;2;2048;8;35720158
2;7;1;2;2048;8;38546571
0;8;1;4096;2048;8;37472079
1;8;1;2;2048;8;33452001
2;8;1;2;2048;8;34585925
0;9;1;4096;2048;8;37291776
1;9;1;2;2048;8;244501427
2;9;1;2;2048;8;228266402
0;1;512;4096;8;9;38162106
1;1;512;512;8;9;32287723
2;1;512;512;8;9;32656668
0;2;256;4096;8;9;37366995
1;2;256;512;8;9;40128867
2;2;256;512;8;9;46274343
0;3;170;4096;8;9;37494676
1;3;170;512;8;9;51333838
2;3;170;512;8;9;56175743
0;4;128;4096;8;9;37674348
1;4;128;512;8;9;56541060
2;4;128;512;8;9;61593203
0;5;102;4096;8;9;37442650
1;5;102;512;8;9;51389954
2;5;102;512;8;9;54612961
0;6;85;4096;8;9;37700654
1;6;85;512;8;9;54290139
2;6;85;512;8;9;56926154
0;7;73;4096;8;9;37398798
1;7;73;512;8;9;54413758
2;7;73;512;8;9;54541781
0;8;64;4096;8;9;37347499
1;8;64;512;8;9;49032678
2;8;64;512;8;9;50284145
0;9;56;4096;8;9;37272658
1;9;56;512;8;9;219675186
2;9;56;512;8;9;220865879
0;1;256;4096;16;9;37503929
1;1;256;256;16;9;31201580
2;1;256;256;16;9;31962166
0;2;128;4096;16;9;37361954
1;2;128;256;16;9;36289327
2;2;128;256;16;9;42067605
0;3;85;4096;16;9;37668716
1;3;85;256;16;9;40975324
2;3;85;256;16;9;44584372
0;4;64;4096;16;9;37972107
1;4;64;256;16;9;39220153
2;4;64;256;16;9;43801253
0;5;51;4096;16;9;37918568
1;5;51;256;16;9;39682574
2;5;51;256;16;9;43479794
0;6;42;4096;16;9;37945697
1;6;42;256;16;9;38856256
2;6;42;256;16;9;42959172
0;7;36;4096;16;9;37926705
1;7;36;256;16;9;39655483
2;7;36;256;16;9;44179386
0;8;32;4096;16;9;37694179
1;8;32;256;16;9;39157448
2;8;32;256;16;9;39781388
0;9;28;4096;16;9;37648491
1;9;28;256;16;9;253401675
2;9;28;256;16;9;260134070
0;1;128;4096;32;9;37788511
1;1;128;128;32;9;40839458
2;1;128;128;32;9;39226811
0;2;64;4096;32;9;37305140
1;2;64;128;32;9;33033358
2;2;64;128;32;9;36993121
0;3;42;4096;32;9;37275068
1;3;42;128;32;9;30979404
2;3;42;128;32;9;33996091
0;4;32;4096;32;9;37514526
1;4;32;128;32;9;29925320
2;4;32;128;32;9;34077470
0;5;25;4096;32;9;37634247
1;5;25;128;32;9;30516265
2;5;25;128;32;9;35376084
0;6;21;4096;32;9;37723721
1;6;21;128;32;9;30294610
2;6;21;128;32;9;36246999
0;7;18;4096;32;9;37422077
1;7;18;128;32;9;31730609
2;7;18;128;32;9;37553384
0;8;16;4096;32;9;37796676
1;8;16;128;32;9;30807214
2;8;16;128;32;9;33814216
0;9;14;4096;32;9;37256550
1;9;14;128;32;9;244496079
2;9;14;128;32;9;274576486
0;1;64;4096;64;9;38034013
1;1;64;64;64;9;37740167
2;1;64;64;64;9;37985881
0;2;32;4096;64;9;37632007
1;2;32;64;64;9;31166555
2;2;32;64;64;9;34453926
0;3;21;4096;64;9;37376450
1;3;21;64;64;9;27286670
2;3;21;64;64;9;30533340
0;4;16;4096;64;9;37654717
1;4;16;64;64;9;24208787
2;4;16;64;64;9;27714882
0;5;12;4096;64;9;37329508
1;5;12;64;64;9;27064957
2;5;12;64;64;9;31665511
0;6;10;4096;64;9;37611149
1;6;10;64;64;9;26676028
2;6;10;64;64;9;31994090
0;7;9;4096;64;9;37322956
1;7;9;64;64;9;25413412
2;7;9;64;64;9;31763724
0;8;8;4096;64;9;37561141
1;8;8;64;64;9;24625159
2;8;8;64;64;9;29662672
0;9;7;4096;64;9;37385295
1;9;7;64;64;9;263425234
2;9;7;64;64;9;240749276
0;1;32;4096;128;9;37505178
1;1;32;32;128;9;39496055
2;1;32;32;128;9;39929618
0;2;16;4096;128;9;37507530
1;2;16;32;128;9;30771283
2;2;16;32;128;9;32265910
0;3;10;4096;128;9;37239439
1;3;10;32;128;9;27034415
2;3;10;32;128;9;27944058
0;4;8;4096;128;9;37357365
1;4;8;32;128;9;22711672
2;4;8;32;128;9;24909363
0;5;6;4096;128;9;37376735
1;5;6;32;128;9;24080230
2;5;6;32;128;9;27553856
0;6;5;4096;128;9;37315790
1;6;5;32;128;9;23804184
2;6;5;32;128;9;28567980
0;7;4;4096;128;9;37338347
1;7;4;32;128;9;24162110
2;7;4;32;128;9;28936841
0;8;4;4096;128;9;37053042
1;8;4;32;128;9;22467665
2;8;4;32;128;9;26671820
0;9;3;4096;128;9;37314437
1;9;3;32;128;9;270664767
2;9;3;32;128;9;255310837
0;1;16;4096;256;9;37618493
1;1;16;16;256;9;39397119
2;1;16;16;256;9;40989310
0;2;8;4096;256;9;37625421
1;2;8;16;256;9;30728031
2;2;8;16;256;9;31660534
0;3;5;4096;256;9;37179627
1;3;5;16;256;9;25954976
2;3;5;16;256;9;26047200
0;4;4;4096;256;9;37420948
1;4;4;16;256;9;22086142
2;4;4;16;256;9;24139294
0;5;3;4096;256;9;37496091
1;5;3;16;256;9;21250267
2;5;3;16;256;9;24383069
0;6;2;4096;256;9;37357710
1;6;2;16;256;9;23735617
2;6;2;16;256;9;27394328
0;7;2;4096;256;9;37202939
1;7;2;16;256;9;23238043
2;7;2;16;256;9;27418328
0;8;2;4096;256;9;37363252
1;8;2;16;256;9;21552749
2;8;2;16;256;9;25267434
0;9;1;4096;256;9;37431235
1;9;1;16;256;9;248788771
2;9;1;16;256;9;244433044
0;1;8;4096;512;9;37660933
1;1;8;8;512;9;39926820
2;1;8;8;512;9;40155327
0;2;4;4096;512;9;37631828
1;2;4;8;512;9;30803395
2;2;4;8;512;9;30800966
0;3;2;4096;512;9;38165384
1;3;2;8;512;9;28032050
2;3;2;8;512;9;26910709
0;4;2;4096;512;9;37563994
1;4;2;8;512;9;21445901
2;4;2;8;512;9;23184308
0;5;1;4096;512;9;37471006
1;5;1;8;512;9;22698730
2;5;1;8;512;9;25317713
0;6;1;4096;512;9;37557761
1;6;1;8;512;9;22490464
2;6;1;8;512;9;26076993
0;7;1;4096;512;9;37356052
1;7;1;8;512;9;22697442
2;7;1;8;512;9;21805573
0;8;1;4096;512;9;37560944
1;8;1;8;512;9;21278366
2;8;1;8;512;9;24760212
0;9;1;4096;512;9;37317291
1;9;1;8;512;9;252571775
2;9;1;8;512;9;240516535
0;1;4;4096;1024;9;37553075
1;1;4;4;1024;9;39877541
2;1;4;4;1024;9;40249769
0;2;2;4096;1024;9;37464177
1;2;2;4;1024;9;30394083
2;2;2;4;1024;9;30338611
0;3;1;4096;1024;9;37522497
1;3;1;4;1024;9;27503128
2;3;1;4;1024;9;26011048
0;4;1;4096;1024;9;37304798
1;4;1;4;1024;9;23335137
2;4;1;4;1024;9;25045466
0;5;1;4096;1024;9;37122152
1;5;1;4;1024;9;22741414
2;5;1;4;1024;9;25141891
0;6;1;4096;1024;9;37534536
1;6;1;4;1024;9;23247063
2;6;1;4;1024;9;27224812
0;7;1;4096;1024;9;37261402
1;7;1;4;1024;9;25763540
2;7;1;4;1024;9;30311205
0;8;1;4096;1024;9;37827343
1;8;1;4;1024;9;25557948
2;8;1;4;1024;9;28517221
0;9;1;4096;1024;9;37531441
1;9;1;4;1024;9;242261793
2;9;1;4;1024;9;226878403
0;1;2;4096;2048;9;37924283
1;1;2;2;2048;9;39482581
2;1;2;2;2048;9;40026077
0;2;1;4096;2048;9;37293237
1;2;1;2;2048;9;31462000
2;2;1;2;2048;9;30461591
0;3;1;4096;2048;9;37205917
1;3;1;2;2048;9;30876182
2;3;1;2;2048;9;31754045
0;4;1;4096;2048;9;37546635
1;4;1;2;2048;9;31684698
2;4;1;2;2048;9;32812892
0;5;1;4096;2048;9;37425716
1;5;1;2;2048;9;32924856
2;5;1;2;2048;9;33910137
0;6;1;4096;2048;9;38014164
1;6;1;2;2048;9;35431501
2;6;1;2;2048;9;38187412
0;7;1;4096;2048;9;37712838
1;7;1;2;2048;9;34432977
2;7;1;2;2048;9;33504306
0;8;1;4096;2048;9;37153311
1;8;1;2;2048;9;33389613
2;8;1;2;2048;9;34015101
0;9;1;4096;2048;9;37494628
1;9;1;2;2048;9;244878533
2;9;1;2;2048;9;228424434
