Algotype;Nb_Thread;Taille_Tableau;Run_id;Time
0;1;2;0;338
1;1;2;0;13030
0;2;2;0;561
1;2;2;0;35633
0;3;2;0;299
1;3;2;0;13691
0;4;2;0;63
1;4;2;0;9165
0;5;2;0;66
1;5;2;0;8716
0;6;2;0;71
1;6;2;0;10987
0;7;2;0;71
1;7;2;0;11899
0;8;2;0;67
1;8;2;0;12626
0;9;2;0;80
1;9;2;0;152633
0;10;2;0;106
1;10;2;0;205518
0;11;2;0;69
1;11;2;0;218585
0;12;2;0;63
1;12;2;0;299711
0;13;2;0;146
1;13;2;0;357615
0;14;2;0;74
1;14;2;0;304267
0;15;2;0;110
1;15;2;0;395565
0;16;2;0;72
1;16;2;0;348784
0;1;4;0;241
1;1;4;0;3440
0;2;4;0;427
1;2;4;0;10630
0;3;4;0;276
1;3;4;0;10008
0;4;4;0;287
1;4;4;0;10610
0;5;4;0;248
1;5;4;0;11288
0;6;4;0;268
1;6;4;0;10932
0;7;4;0;247
1;7;4;0;19256
0;8;4;0;262
1;8;4;0;13859
0;9;4;0;231
1;9;4;0;114602
0;10;4;0;248
1;10;4;0;301578
0;11;4;0;251
1;11;4;0;204066
0;12;4;0;246
1;12;4;0;277062
0;13;4;0;438
1;13;4;0;367647
0;14;4;0;251
1;14;4;0;455293
0;15;4;0;295
1;15;4;0;422666
0;16;4;0;249
1;16;4;0;323300
0;1;8;0;964
1;1;8;0;4576
0;2;8;0;1068
1;2;8;0;8179
0;3;8;0;1068
1;3;8;0;10376
0;4;8;0;637
1;4;8;0;11518
0;5;8;0;1070
1;5;8;0;11969
0;6;8;0;1765
1;6;8;0;14492
0;7;8;0;1074
1;7;8;0;12606
0;8;8;0;1002
1;8;8;0;17856
0;9;8;0;1083
1;9;8;0;202854
0;10;8;0;615
1;10;8;0;179128
0;11;8;0;623
1;11;8;0;242380
0;12;8;0;614
1;12;8;0;269709
0;13;8;0;622
1;13;8;0;419433
0;14;8;0;623
1;14;8;0;406875
0;15;8;0;1050
1;15;8;0;437436
0;16;8;0;624
1;16;8;0;428248
0;1;16;0;1532
1;1;16;0;5071
0;2;16;0;1409
1;2;16;0;9457
0;3;16;0;1372
1;3;16;0;11510
0;4;16;0;2125
1;4;16;0;11444
0;5;16;0;1413
1;5;16;0;12619
0;6;16;0;1530
1;6;16;0;12787
0;7;16;0;1498
1;7;16;0;13333
0;8;16;0;1533
1;8;16;0;13981
0;9;16;0;2304
1;9;16;0;104186
0;10;16;0;1372
1;10;16;0;181156
0;11;16;0;2094
1;11;16;0;209164
0;12;16;0;1388
1;12;16;0;365064
0;13;16;0;1372
1;13;16;0;354409
0;14;16;0;1408
1;14;16;0;452341
0;15;16;0;1390
1;15;16;0;453251
0;16;16;0;2243
1;16;16;0;452982
0;1;32;0;3914
1;1;32;0;6435
0;2;32;0;3659
1;2;32;0;12136
0;3;32;0;3655
1;3;32;0;15467
0;4;32;0;3663
1;4;32;0;13366
0;5;32;0;4052
1;5;32;0;13196
0;6;32;0;3666
1;6;32;0;13710
0;7;32;0;3643
1;7;32;0;14429
0;8;32;0;3954
1;8;32;0;15792
0;9;32;0;3647
1;9;32;0;102446
0;10;32;0;3658
1;10;32;0;174391
0;11;32;0;3604
1;11;32;0;249353
0;12;32;0;3648
1;12;32;0;256473
0;13;32;0;3680
1;13;32;0;334530
0;14;32;0;3637
1;14;32;0;415595
0;15;32;0;3663
1;15;32;0;400136
0;16;32;0;3674
1;16;32;0;419944
0;1;64;0;7721
1;1;64;0;10385
0;2;64;0;7511
1;2;64;0;14953
0;3;64;0;8300
1;3;64;0;16112
0;4;64;0;7540
1;4;64;0;15278
0;5;64;0;7785
1;5;64;0;16687
0;6;64;0;7575
1;6;64;0;16538
0;7;64;0;8021
1;7;64;0;17798
0;8;64;0;8046
1;8;64;0;19759
0;9;64;0;7822
1;9;64;0;102814
0;10;64;0;7717
1;10;64;0;242065
0;11;64;0;7480
1;11;64;0;219903
0;12;64;0;7699
1;12;64;0;264188
0;13;64;0;7745
1;13;64;0;281406
0;14;64;0;13079
1;14;64;0;303446
0;15;64;0;7835
1;15;64;0;387614
0;16;64;0;7704
1;16;64;0;456181
0;1;128;0;16483
1;1;128;0;19029
0;2;128;0;15704
1;2;128;0;23774
0;3;128;0;18132
1;3;128;0;24602
0;4;128;0;16374
1;4;128;0;23381
0;5;128;0;19471
1;5;128;0;23529
0;6;128;0;17029
1;6;128;0;24429
0;7;128;0;15928
1;7;128;0;24803
0;8;128;0;16279
1;8;128;0;29125
0;9;128;0;16409
1;9;128;0;98779
0;10;128;0;16452
1;10;128;0;155254
0;11;128;0;16110
1;11;128;0;229251
0;12;128;0;16198
1;12;128;0;342938
0;13;128;0;16174
1;13;128;0;321970
0;14;128;0;16518
1;14;128;0;364158
0;15;128;0;16355
1;15;128;0;449512
0;16;128;0;16155
1;16;128;0;379758
0;1;256;0;34159
1;1;256;0;36433
0;2;256;0;33174
1;2;256;0;43881
0;3;256;0;46777
1;3;256;0;43611
0;4;256;0;33587
1;4;256;0;42413
0;5;256;0;34261
1;5;256;0;40879
0;6;256;0;32713
1;6;256;0;41397
0;7;256;0;33317
1;7;256;0;39726
0;8;256;0;42237
1;8;256;0;49405
0;9;256;0;32264
1;9;256;0;133961
0;10;256;0;33191
1;10;256;0;166259
0;11;256;0;33408
1;11;256;0;210530
0;12;256;0;33794
1;12;256;0;270985
0;13;256;0;33678
1;13;256;0;327596
0;14;256;0;32879
1;14;256;0;353253
0;15;256;0;35223
1;15;256;0;389860
0;16;256;0;33199
1;16;256;0;465352
0;1;512;0;71649
1;1;512;0;72408
0;2;512;0;65243
1;2;512;0;81111
0;3;512;0;78162
1;3;512;0;88238
0;4;512;0;70239
1;4;512;0;73320
0;5;512;0;63531
1;5;512;0;77505
0;6;512;0;68340
1;6;512;0;77395
0;7;512;0;65773
1;7;512;0;75536
0;8;512;0;64551
1;8;512;0;83127
0;9;512;0;71961
1;9;512;0;174466
0;10;512;0;70464
1;10;512;0;186130
0;11;512;0;68808
1;11;512;0;261593
0;12;512;0;69325
1;12;512;0;278849
0;13;512;0;78141
1;13;512;0;304360
0;14;512;0;70689
1;14;512;0;349379
0;15;512;0;68667
1;15;512;0;411975
0;16;512;0;68329
1;16;512;0;416426
0;1;1024;0;139882
1;1;1024;0;146431
0;2;1024;0;141158
1;2;1024;0;169183
0;3;1024;0;140909
1;3;1024;0;159115
0;4;1024;0;142028
1;4;1024;0;146049
0;5;1024;0;134415
1;5;1024;0;151580
0;6;1024;0;140214
1;6;1024;0;143755
0;7;1024;0;136786
1;7;1024;0;147652
0;8;1024;0;130328
1;8;1024;0;320014
0;9;1024;0;142626
1;9;1024;0;216960
0;10;1024;0;140728
1;10;1024;0;246630
0;11;1024;0;139659
1;11;1024;0;278334
0;12;1024;0;155132
1;12;1024;0;312167
0;13;1024;0;157494
1;13;1024;0;346359
0;14;1024;0;140843
1;14;1024;0;359013
0;15;1024;0;151725
1;15;1024;0;422242
0;16;1024;0;143277
1;16;1024;0;462941
0;1;2048;0;293864
1;1;2048;0;297428
0;2;2048;0;292001
1;2;2048;0;308018
0;3;2048;0;295783
1;3;2048;0;325319
0;4;2048;0;287918
1;4;2048;0;301641
0;5;2048;0;275246
1;5;2048;0;282946
0;6;2048;0;297116
1;6;2048;0;285453
0;7;2048;0;338478
1;7;2048;0;261414
0;8;2048;0;286395
1;8;2048;0;530892
0;9;2048;0;280364
1;9;2048;0;407363
0;10;2048;0;290258
1;10;2048;0;385110
0;11;2048;0;297341
1;11;2048;0;401576
0;12;2048;0;289756
1;12;2048;0;482794
0;13;2048;0;289758
1;13;2048;0;492636
0;14;2048;0;292984
1;14;2048;0;588243
0;15;2048;0;288979
1;15;2048;0;534900
0;16;2048;0;333384
1;16;2048;0;554220
0;1;4096;0;597963
1;1;4096;0;615597
0;2;4096;0;602180
1;2;4096;0;626887
0;3;4096;0;594625
1;3;4096;0;636771
0;4;4096;0;598463
1;4;4096;0;583832
0;5;4096;0;607876
1;5;4096;0;587192
0;6;4096;0;607174
1;6;4096;0;546987
0;7;4096;0;610261
1;7;4096;0;536105
0;8;4096;0;594658
1;8;4096;0;637335
0;9;4096;0;595790
1;9;4096;0;673778
0;10;4096;0;601927
1;10;4096;0;684248
0;11;4096;0;622893
1;11;4096;0;720539
0;12;4096;0;594054
1;12;4096;0;709980
0;13;4096;0;599135
1;13;4096;0;780429
0;14;4096;0;619415
1;14;4096;0;807984
0;15;4096;0;613447
1;15;4096;0;826744
0;16;4096;0;635220
1;16;4096;0;868033
0;1;8192;0;1221480
1;1;8192;0;1260043
0;2;8192;0;1231988
1;2;8192;0;1262903
0;3;8192;0;1237050
1;3;8192;0;1284774
0;4;8192;0;1275462
1;4;8192;0;1167714
0;5;8192;0;1252969
1;5;8192;0;1139481
0;6;8192;0;1245886
1;6;8192;0;1182021
0;7;8192;0;1240293
1;7;8192;0;1230646
0;8;8192;0;1224611
1;8;8192;0;1438231
0;9;8192;0;1221805
1;9;8192;0;1239668
0;10;8192;0;1247991
1;10;8192;0;1279865
0;11;8192;0;1236179
1;11;8192;0;1324544
0;12;8192;0;1223114
1;12;8192;0;1316198
0;13;8192;0;1258936
1;13;8192;0;1397776
0;14;8192;0;1210653
1;14;8192;0;1371298
0;15;8192;0;1224434
1;15;8192;0;1475369
0;16;8192;0;1246792
1;16;8192;0;1433579
0;1;16384;0;2450159
1;1;16384;0;2499407
0;2;16384;0;2468190
1;2;16384;0;2418070
0;3;16384;0;2481069
1;3;16384;0;2479996
0;4;16384;0;2472113
1;4;16384;0;2387192
0;5;16384;0;2445972
1;5;16384;0;2345713
0;6;16384;0;2518947
1;6;16384;0;2206826
0;7;16384;0;2484310
1;7;16384;0;2153712
0;8;16384;0;2537561
1;8;16384;0;2656745
0;9;16384;0;2492161
1;9;16384;0;2430005
0;10;16384;0;2499634
1;10;16384;0;2507473
0;11;16384;0;2479987
1;11;16384;0;2404838
0;12;16384;0;2529548
1;12;16384;0;2475756
0;13;16384;0;2742952
1;13;16384;0;2412802
0;14;16384;0;2501018
1;14;16384;0;2434873
0;15;16384;0;2512099
1;15;16384;0;2564621
0;16;16384;0;2471192
1;16;16384;0;2431051
0;1;32768;0;5085518
1;1;32768;0;5112341
0;2;32768;0;5097997
1;2;32768;0;5081621
0;3;32768;0;5248515
1;3;32768;0;5099861
0;4;32768;0;5153890
1;4;32768;0;4678123
0;5;32768;0;5140176
1;5;32768;0;4766858
0;6;32768;0;5086144
1;6;32768;0;4591062
0;7;32768;0;5102705
1;7;32768;0;4993012
0;8;32768;0;5064784
1;8;32768;0;5236763
0;9;32768;0;5075758
1;9;32768;0;5042580
0;10;32768;0;5021734
1;10;32768;0;4794712
0;11;32768;0;5162316
1;11;32768;0;4927749
0;12;32768;0;5075560
1;12;32768;0;4805312
0;13;32768;0;5169166
1;13;32768;0;5023736
0;14;32768;0;5079215
1;14;32768;0;5170497
0;15;32768;0;5056844
1;15;32768;0;4918467
0;16;32768;0;5112548
1;16;32768;0;5062756
0;1;65536;0;10226416
1;1;65536;0;10247503
0;2;65536;0;10180274
1;2;65536;0;10049454
0;3;65536;0;10293161
1;3;65536;0;10252774
0;4;65536;0;10354082
1;4;65536;0;9225805
0;5;65536;0;10244187
1;5;65536;0;9383110
0;6;65536;0;10309701
1;6;65536;0;9218912
0;7;65536;0;10274015
1;7;65536;0;8930442
0;8;65536;0;10208033
1;8;65536;0;10356360
0;9;65536;0;10414755
1;9;65536;0;10999815
0;10;65536;0;10303837
1;10;65536;0;10284821
0;11;65536;0;10214584
1;11;65536;0;10569093
0;12;65536;0;10319682
1;12;65536;0;10432448
0;13;65536;0;10203725
1;13;65536;0;10681684
0;14;65536;0;10165129
1;14;65536;0;10718958
0;15;65536;0;10244508
1;15;65536;0;10617471
0;16;65536;0;10137845
1;16;65536;0;10898531
0;1;131072;0;20826597
1;1;131072;0;20907840
0;2;131072;0;20858861
1;2;131072;0;20344586
0;3;131072;0;20943338
1;3;131072;0;20849663
0;4;131072;0;20892240
1;4;131072;0;18678942
0;5;131072;0;20807376
1;5;131072;0;18761544
0;6;131072;0;20919402
1;6;131072;0;18279924
0;7;131072;0;22401047
1;7;131072;0;17557358
0;8;131072;0;21601129
1;8;131072;0;20743776
0;9;131072;0;21151251
1;9;131072;0;22362198
0;10;131072;0;20783557
1;10;131072;0;22153669
0;11;131072;0;20841276
1;11;131072;0;23800749
0;12;131072;0;20705582
1;12;131072;0;23606699
0;13;131072;0;20716577
1;13;131072;0;24094952
0;14;131072;0;21080540
1;14;131072;0;23913370
0;15;131072;0;20816476
1;15;131072;0;23644033
0;16;131072;0;20814787
1;16;131072;0;22631149
0;1;2;1;71
1;1;2;1;3064
0;2;2;1;73
1;2;2;1;8966
0;3;2;1;122
1;3;2;1;8938
0;4;2;1;78
1;4;2;1;13599
0;5;2;1;80
1;5;2;1;13284
0;6;2;1;81
1;6;2;1;13269
0;7;2;1;168
1;7;2;1;14955
0;8;2;1;81
1;8;2;1;36622
0;9;2;1;78
1;9;2;1;142662
0;10;2;1;72
1;10;2;1;154710
0;11;2;1;68
1;11;2;1;205929
0;12;2;1;69
1;12;2;1;259542
0;13;2;1;340
1;13;2;1;406409
0;14;2;1;101
1;14;2;1;297180
0;15;2;1;68
1;15;2;1;485813
0;16;2;1;73
1;16;2;1;319915
0;1;4;1;253
1;1;4;1;3440
0;2;4;1;242
1;2;4;1;9145
0;3;4;1;435
1;3;4;1;9864
0;4;4;1;246
1;4;4;1;10621
0;5;4;1;250
1;5;4;1;11050
0;6;4;1;250
1;6;4;1;11126
0;7;4;1;261
1;7;4;1;12247
0;8;4;1;244
1;8;4;1;20515
0;9;4;1;225
1;9;4;1;107196
0;10;4;1;285
1;10;4;1;151935
0;11;4;1;243
1;11;4;1;187984
0;12;4;1;248
1;12;4;1;288103
0;13;4;1;244
1;13;4;1;349407
0;14;4;1;284
1;14;4;1;366187
0;15;4;1;247
1;15;4;1;360898
0;16;4;1;281
1;16;4;1;406838
0;1;8;1;623
1;1;8;1;3992
0;2;8;1;620
1;2;8;1;8059
0;3;8;1;625
1;3;8;1;10186
0;4;8;1;607
1;4;8;1;10562
0;5;8;1;639
1;5;8;1;11026
0;6;8;1;611
1;6;8;1;12290
0;7;8;1;964
1;7;8;1;13055
0;8;8;1;626
1;8;8;1;13814
0;9;8;1;1079
1;9;8;1;107504
0;10;8;1;607
1;10;8;1;156204
0;11;8;1;603
1;11;8;1;243574
0;12;8;1;625
1;12;8;1;297037
0;13;8;1;628
1;13;8;1;322069
0;14;8;1;653
1;14;8;1;463141
0;15;8;1;620
1;15;8;1;405173
0;16;8;1;623
1;16;8;1;453703
0;1;16;1;1531
1;1;16;1;5071
0;2;16;1;1410
1;2;16;1;10613
0;3;16;1;2960
1;3;16;1;11451
0;4;16;1;1939
1;4;16;1;12325
0;5;16;1;9535
1;5;16;1;12007
0;6;16;1;2271
1;6;16;1;12550
0;7;16;1;2640
1;7;16;1;13194
0;8;16;1;2698
1;8;16;1;14846
0;9;16;1;2775
1;9;16;1;103960
0;10;16;1;1393
1;10;16;1;160920
0;11;16;1;1389
1;11;16;1;301397
0;12;16;1;1387
1;12;16;1;259306
0;13;16;1;1435
1;13;16;1;341763
0;14;16;1;1406
1;14;16;1;454648
0;15;16;1;1869
1;15;16;1;478311
0;16;16;1;1406
1;16;16;1;497421
0;1;32;1;3672
1;1;32;1;6381
0;2;32;1;4701
1;2;32;1;10994
0;3;32;1;3657
1;3;32;1;12178
0;4;32;1;3652
1;4;32;1;13003
0;5;32;1;3678
1;5;32;1;12234
0;6;32;1;3679
1;6;32;1;13809
0;7;32;1;3661
1;7;32;1;15574
0;8;32;1;3648
1;8;32;1;14719
0;9;32;1;3665
1;9;32;1;104420
0;10;32;1;3657
1;10;32;1;212829
0;11;32;1;3676
1;11;32;1;247548
0;12;32;1;3665
1;12;32;1;264370
0;13;32;1;3932
1;13;32;1;306417
0;14;32;1;3683
1;14;32;1;415084
0;15;32;1;3653
1;15;32;1;357966
0;16;32;1;3644
1;16;32;1;452627
0;1;64;1;7707
1;1;64;1;10419
0;2;64;1;7720
1;2;64;1;14925
0;3;64;1;7940
1;3;64;1;16270
0;4;64;1;7718
1;4;64;1;15671
0;5;64;1;7666
1;5;64;1;17990
0;6;64;1;7671
1;6;64;1;17035
0;7;64;1;7733
1;7;64;1;20947
0;8;64;1;8129
1;8;64;1;18846
0;9;64;1;7695
1;9;64;1;103117
0;10;64;1;8197
1;10;64;1;237470
0;11;64;1;7711
1;11;64;1;197476
0;12;64;1;7785
1;12;64;1;254315
0;13;64;1;7693
1;13;64;1;334717
0;14;64;1;7716
1;14;64;1;333626
0;15;64;1;7692
1;15;64;1;430175
0;16;64;1;7455
1;16;64;1;539896
0;1;128;1;16160
1;1;128;1;18966
0;2;128;1;16109
1;2;128;1;24166
0;3;128;1;16317
1;3;128;1;24347
0;4;128;1;16497
1;4;128;1;23401
0;5;128;1;16066
1;5;128;1;24116
0;6;128;1;15740
1;6;128;1;24216
0;7;128;1;16283
1;7;128;1;25319
0;8;128;1;16542
1;8;128;1;70104
0;9;128;1;20359
1;9;128;1;101928
0;10;128;1;16203
1;10;128;1;152215
0;11;128;1;15589
1;11;128;1;203086
0;12;128;1;15917
1;12;128;1;284689
0;13;128;1;16662
1;13;128;1;327093
0;14;128;1;16156
1;14;128;1;358508
0;15;128;1;19787
1;15;128;1;432936
0;16;128;1;16232
1;16;128;1;422252
0;1;256;1;33040
1;1;256;1;36990
0;2;256;1;32188
1;2;256;1;42743
0;3;256;1;34771
1;3;256;1;49413
0;4;256;1;36137
1;4;256;1;42516
0;5;256;1;45788
1;5;256;1;39654
0;6;256;1;34891
1;6;256;1;41521
0;7;256;1;33059
1;7;256;1;40336
0;8;256;1;32968
1;8;256;1;46520
0;9;256;1;32606
1;9;256;1;118213
0;10;256;1;34032
1;10;256;1;183140
0;11;256;1;33428
1;11;256;1;239557
0;12;256;1;32890
1;12;256;1;264215
0;13;256;1;33835
1;13;256;1;398647
0;14;256;1;36248
1;14;256;1;428878
0;15;256;1;32671
1;15;256;1;455003
0;16;256;1;36988
1;16;256;1;430570
0;1;512;1;71175
1;1;512;1;71649
0;2;512;1;69684
1;2;512;1;77016
0;3;512;1;70835
1;3;512;1;83295
0;4;512;1;77866
1;4;512;1;74074
0;5;512;1;66065
1;5;512;1;76301
0;6;512;1;68778
1;6;512;1;75292
0;7;512;1;68586
1;7;512;1;74713
0;8;512;1;66158
1;8;512;1;130060
0;9;512;1;69193
1;9;512;1;152180
0;10;512;1;69906
1;10;512;1;186373
0;11;512;1;69219
1;11;512;1;258094
0;12;512;1;69638
1;12;512;1;260143
0;13;512;1;70557
1;13;512;1;309555
0;14;512;1;69826
1;14;512;1;401066
0;15;512;1;70982
1;15;512;1;394255
0;16;512;1;69708
1;16;512;1;448821
0;1;1024;1;138967
1;1;1024;1;147958
0;2;1024;1;140490
1;2;1024;1;170387
0;3;1024;1;155038
1;3;1024;1;162320
0;4;1024;1;143623
1;4;1024;1;141536
0;5;1024;1;140734
1;5;1024;1;146181
0;6;1024;1;151010
1;6;1024;1;150271
0;7;1024;1;142305
1;7;1024;1;138111
0;8;1024;1;134658
1;8;1024;1;289839
0;9;1024;1;138782
1;9;1024;1;219626
0;10;1024;1;142148
1;10;1024;1;242975
0;11;1024;1;142626
1;11;1024;1;284732
0;12;1024;1;139901
1;12;1024;1;312070
0;13;1024;1;140236
1;13;1024;1;366407
0;14;1024;1;141020
1;14;1024;1;360047
0;15;1024;1;141388
1;15;1024;1;415671
0;16;1024;1;140461
1;16;1024;1;440396
0;1;2048;1;288293
1;1;2048;1;299593
0;2;2048;1;289279
1;2;2048;1;338257
0;3;2048;1;283403
1;3;2048;1;332358
0;4;2048;1;309268
1;4;2048;1;289928
0;5;2048;1;294554
1;5;2048;1;295945
0;6;2048;1;325283
1;6;2048;1;296156
0;7;2048;1;306585
1;7;2048;1;311801
0;8;2048;1;282003
1;8;2048;1;465303
0;9;2048;1;286444
1;9;2048;1;376080
0;10;2048;1;292180
1;10;2048;1;361463
0;11;2048;1;292463
1;11;2048;1;431681
0;12;2048;1;285681
1;12;2048;1;511528
0;13;2048;1;277787
1;13;2048;1;504559
0;14;2048;1;289367
1;14;2048;1;496366
0;15;2048;1;289333
1;15;2048;1;521472
0;16;2048;1;336370
1;16;2048;1;542953
0;1;4096;1;603886
1;1;4096;1;589700
0;2;4096;1;616998
1;2;4096;1;634986
0;3;4096;1;579157
1;3;4096;1;656329
0;4;4096;1;579528
1;4;4096;1;574570
0;5;4096;1;603764
1;5;4096;1;569671
0;6;4096;1;603397
1;6;4096;1;551478
0;7;4096;1;601020
1;7;4096;1;538976
0;8;4096;1;572300
1;8;4096;1;772748
0;9;4096;1;630709
1;9;4096;1;754387
0;10;4096;1;592226
1;10;4096;1;696279
0;11;4096;1;629010
1;11;4096;1;700344
0;12;4096;1;632906
1;12;4096;1;755146
0;13;4096;1;595240
1;13;4096;1;766398
0;14;4096;1;616387
1;14;4096;1;812874
0;15;4096;1;603897
1;15;4096;1;809350
0;16;4096;1;612534
1;16;4096;1;823440
0;1;8192;1;1274838
1;1;8192;1;1236107
0;2;8192;1;1219548
1;2;8192;1;1290718
0;3;8192;1;1252075
1;3;8192;1;1257548
0;4;8192;1;1230994
1;4;8192;1;1191553
0;5;8192;1;1241952
1;5;8192;1;1168984
0;6;8192;1;1224418
1;6;8192;1;1119318
0;7;8192;1;1222334
1;7;8192;1;1082160
0;8;8192;1;1223514
1;8;8192;1;1386937
0;9;8192;1;1219163
1;9;8192;1;1155073
0;10;8192;1;1220860
1;10;8192;1;1374646
0;11;8192;1;1211677
1;11;8192;1;1247574
0;12;8192;1;1244119
1;12;8192;1;1322515
0;13;8192;1;1226804
1;13;8192;1;1362632
0;14;8192;1;1223386
1;14;8192;1;1377725
0;15;8192;1;1247291
1;15;8192;1;1403778
0;16;8192;1;1243749
1;16;8192;1;1465173
0;1;16384;1;2443851
1;1;16384;1;2492553
0;2;16384;1;2466718
1;2;16384;1;2443767
0;3;16384;1;2488053
1;3;16384;1;2522852
0;4;16384;1;2475415
1;4;16384;1;2359759
0;5;16384;1;2448355
1;5;16384;1;2304288
0;6;16384;1;2457195
1;6;16384;1;2254983
0;7;16384;1;2480655
1;7;16384;1;2434234
0;8;16384;1;2478932
1;8;16384;1;2592797
0;9;16384;1;2487988
1;9;16384;1;2407828
0;10;16384;1;2496248
1;10;16384;1;2362380
0;11;16384;1;2490758
1;11;16384;1;2459508
0;12;16384;1;2472793
1;12;16384;1;2622266
0;13;16384;1;2498662
1;13;16384;1;2401117
0;14;16384;1;2517810
1;14;16384;1;2434871
0;15;16384;1;2453415
1;15;16384;1;2433707
0;16;16384;1;2478611
1;16;16384;1;2481283
0;1;32768;1;5089380
1;1;32768;1;5112250
0;2;32768;1;5091396
1;2;32768;1;5185885
0;3;32768;1;5060777
1;3;32768;1;5113682
0;4;32768;1;5118569
1;4;32768;1;4654594
0;5;32768;1;5071471
1;5;32768;1;4728709
0;6;32768;1;5072666
1;6;32768;1;4909616
0;7;32768;1;5066669
1;7;32768;1;4450270
0;8;32768;1;5058629
1;8;32768;1;5187854
0;9;32768;1;5077359
1;9;32768;1;5041644
0;10;32768;1;5034286
1;10;32768;1;5064580
0;11;32768;1;5083836
1;11;32768;1;5056110
0;12;32768;1;5038794
1;12;32768;1;5096828
0;13;32768;1;5043611
1;13;32768;1;4940087
0;14;32768;1;5047962
1;14;32768;1;4733488
0;15;32768;1;5033912
1;15;32768;1;4987928
0;16;32768;1;5088386
1;16;32768;1;4790155
0;1;65536;1;10167427
1;1;65536;1;10354454
0;2;65536;1;10196807
1;2;65536;1;10406948
0;3;65536;1;10217356
1;3;65536;1;10067955
0;4;65536;1;10162098
1;4;65536;1;9281831
0;5;65536;1;10220613
1;5;65536;1;9125154
0;6;65536;1;10129826
1;6;65536;1;9274914
0;7;65536;1;10151434
1;7;65536;1;9201093
0;8;65536;1;10205877
1;8;65536;1;10147485
0;9;65536;1;10138117
1;9;65536;1;10601196
0;10;65536;1;10267961
1;10;65536;1;10589759
0;11;65536;1;10170412
1;11;65536;1;10928983
0;12;65536;1;10287215
1;12;65536;1;10576122
0;13;65536;1;10131199
1;13;65536;1;10600807
0;14;65536;1;10232528
1;14;65536;1;10939249
0;15;65536;1;10164370
1;15;65536;1;10908158
0;16;65536;1;10170974
1;16;65536;1;10529462
0;1;131072;1;20780839
1;1;131072;1;20800586
0;2;131072;1;20719532
1;2;131072;1;20192108
0;3;131072;1;20761343
1;3;131072;1;20572550
0;4;131072;1;20790038
1;4;131072;1;18619291
0;5;131072;1;20805965
1;5;131072;1;18280169
0;6;131072;1;21004393
1;6;131072;1;18378633
0;7;131072;1;20830704
1;7;131072;1;17873998
0;8;131072;1;20879725
1;8;131072;1;20414169
0;9;131072;1;20701124
1;9;131072;1;22101196
0;10;131072;1;20746088
1;10;131072;1;22642480
0;11;131072;1;21146351
1;11;131072;1;22523311
0;12;131072;1;20743065
1;12;131072;1;24271103
0;13;131072;1;20858572
1;13;131072;1;24099841
0;14;131072;1;20847096
1;14;131072;1;23817364
0;15;131072;1;20775837
1;15;131072;1;22775930
0;16;131072;1;20635003
1;16;131072;1;22994504
0;1;2;2;64
1;1;2;2;3225
0;2;2;2;65
1;2;2;2;8880
0;3;2;2;73
1;3;2;2;7552
0;4;2;2;65
1;4;2;2;10513
0;5;2;2;103
1;5;2;2;9879
0;6;2;2;111
1;6;2;2;10791
0;7;2;2;109
1;7;2;2;11846
0;8;2;2;66
1;8;2;2;41871
0;9;2;2;67
1;9;2;2;109439
0;10;2;2;69
1;10;2;2;156841
0;11;2;2;79
1;11;2;2;332480
0;12;2;2;72
1;12;2;2;263662
0;13;2;2;67
1;13;2;2;293351
0;14;2;2;113
1;14;2;2;420147
0;15;2;2;68
1;15;2;2;438480
0;16;2;2;513
1;16;2;2;349572
0;1;4;2;241
1;1;4;2;3442
0;2;4;2;242
1;2;4;2;9435
0;3;4;2;240
1;3;4;2;10223
0;4;4;2;275
1;4;4;2;10441
0;5;4;2;277
1;5;4;2;10470
0;6;4;2;242
1;6;4;2;11105
0;7;4;2;247
1;7;4;2;12636
0;8;4;2;228
1;8;4;2;13212
0;9;4;2;226
1;9;4;2;102946
0;10;4;2;272
1;10;4;2;157188
0;11;4;2;250
1;11;4;2;256931
0;12;4;2;284
1;12;4;2;275576
0;13;4;2;274
1;13;4;2;269245
0;14;4;2;249
1;14;4;2;399523
0;15;4;2;243
1;15;4;2;426015
0;16;4;2;250
1;16;4;2;428434
0;1;8;2;625
1;1;8;2;5052
0;2;8;2;621
1;2;8;2;7650
0;3;8;2;608
1;3;8;2;10117
0;4;8;2;624
1;4;8;2;11485
0;5;8;2;614
1;5;8;2;11582
0;6;8;2;628
1;6;8;2;11873
0;7;8;2;981
1;7;8;2;12526
0;8;8;2;1131
1;8;8;2;13907
0;9;8;2;1091
1;9;8;2;104749
0;10;8;2;679
1;10;8;2;194145
0;11;8;2;1038
1;11;8;2;227646
0;12;8;2;612
1;12;8;2;254695
0;13;8;2;612
1;13;8;2;324724
0;14;8;2;606
1;14;8;2;399220
0;15;8;2;636
1;15;8;2;452862
0;16;8;2;607
1;16;8;2;511629
0;1;16;2;1405
1;1;16;2;5081
0;2;16;2;1406
1;2;16;2;9441
0;3;16;2;1370
1;3;16;2;11394
0;4;16;2;1418
1;4;16;2;11913
0;5;16;2;1512
1;5;16;2;14432
0;6;16;2;1392
1;6;16;2;13493
0;7;16;2;1378
1;7;16;2;13564
0;8;16;2;1385
1;8;16;2;14510
0;9;16;2;2622
1;9;16;2;167889
0;10;16;2;1415
1;10;16;2;186355
0;11;16;2;1388
1;11;16;2;213707
0;12;16;2;1386
1;12;16;2;281999
0;13;16;2;1413
1;13;16;2;389869
0;14;16;2;2851
1;14;16;2;406221
0;15;16;2;1405
1;15;16;2;453134
0;16;16;2;1502
1;16;16;2;485600
0;1;32;2;3662
1;1;32;2;6819
0;2;32;2;3655
1;2;32;2;11697
0;3;32;2;6270
1;3;32;2;12417
0;4;32;2;4861
1;4;32;2;12813
0;5;32;2;4457
1;5;32;2;13097
0;6;32;2;4453
1;6;32;2;13993
0;7;32;2;5225
1;7;32;2;14630
0;8;32;2;4783
1;8;32;2;15316
0;9;32;2;5708
1;9;32;2;103229
0;10;32;2;3657
1;10;32;2;157254
0;11;32;2;3639
1;11;32;2;205628
0;12;32;2;3629
1;12;32;2;296262
0;13;32;2;3650
1;13;32;2;347377
0;14;32;2;3520
1;14;32;2;401607
0;15;32;2;3692
1;15;32;2;489957
0;16;32;2;3537
1;16;32;2;482134
0;1;64;2;8150
1;1;64;2;12228
0;2;64;2;7788
1;2;64;2;15048
0;3;64;2;7690
1;3;64;2;16882
0;4;64;2;10170
1;4;64;2;16237
0;5;64;2;9071
1;5;64;2;16128
0;6;64;2;8444
1;6;64;2;16480
0;7;64;2;7816
1;7;64;2;20845
0;8;64;2;10036
1;8;64;2;19548
0;9;64;2;8410
1;9;64;2;170158
0;10;64;2;9248
1;10;64;2;204032
0;11;64;2;7738
1;11;64;2;206411
0;12;64;2;7716
1;12;64;2;263904
0;13;64;2;7699
1;13;64;2;327745
0;14;64;2;7724
1;14;64;2;393490
0;15;64;2;8209
1;15;64;2;309328
0;16;64;2;7488
1;16;64;2;369317
0;1;128;2;17197
1;1;128;2;18970
0;2;128;2;16234
1;2;128;2;24814
0;3;128;2;20233
1;3;128;2;23813
0;4;128;2;16056
1;4;128;2;23612
0;5;128;2;17484
1;5;128;2;24695
0;6;128;2;19242
1;6;128;2;24837
0;7;128;2;15913
1;7;128;2;24679
0;8;128;2;16255
1;8;128;2;31727
0;9;128;2;16130
1;9;128;2;101831
0;10;128;2;16201
1;10;128;2;155919
0;11;128;2;15839
1;11;128;2;210369
0;12;128;2;16343
1;12;128;2;279257
0;13;128;2;16814
1;13;128;2;279253
0;14;128;2;16149
1;14;128;2;353895
0;15;128;2;15984
1;15;128;2;397599
0;16;128;2;15719
1;16;128;2;398062
0;1;256;2;34016
1;1;256;2;36591
0;2;256;2;33603
1;2;256;2;41785
0;3;256;2;33025
1;3;256;2;44588
0;4;256;2;34868
1;4;256;2;44152
0;5;256;2;32512
1;5;256;2;50846
0;6;256;2;33612
1;6;256;2;40414
0;7;256;2;33959
1;7;256;2;41228
0;8;256;2;33963
1;8;256;2;48646
0;9;256;2;32699
1;9;256;2;119628
0;10;256;2;33743
1;10;256;2;166641
0;11;256;2;46388
1;11;256;2;245218
0;12;256;2;33752
1;12;256;2;255058
0;13;256;2;32640
1;13;256;2;291108
0;14;256;2;33556
1;14;256;2;361227
0;15;256;2;33329
1;15;256;2;367232
0;16;256;2;37003
1;16;256;2;472050
0;1;512;2;70333
1;1;512;2;71734
0;2;512;2;65415
1;2;512;2;86190
0;3;512;2;66905
1;3;512;2;83460
0;4;512;2;63227
1;4;512;2;75965
0;5;512;2;65696
1;5;512;2;82282
0;6;512;2;73583
1;6;512;2;75757
0;7;512;2;68382
1;7;512;2;73349
0;8;512;2;70504
1;8;512;2;80193
0;9;512;2;65937
1;9;512;2;156878
0;10;512;2;69323
1;10;512;2;209451
0;11;512;2;85646
1;11;512;2;218503
0;12;512;2;68822
1;12;512;2;258244
0;13;512;2;68440
1;13;512;2;318537
0;14;512;2;68374
1;14;512;2;346627
0;15;512;2;69353
1;15;512;2;398733
0;16;512;2;68017
1;16;512;2;381110
0;1;1024;2;140022
1;1;1024;2;169201
0;2;1024;2;140164
1;2;1024;2;155292
0;3;1024;2;140574
1;3;1024;2;160435
0;4;1024;2;139440
1;4;1024;2;145275
0;5;1024;2;140783
1;5;1024;2;148508
0;6;1024;2;141074
1;6;1024;2;138958
0;7;1024;2;134836
1;7;1024;2;139817
0;8;1024;2;153871
1;8;1024;2;166957
0;9;1024;2;135018
1;9;1024;2;221241
0;10;1024;2;142714
1;10;1024;2;266963
0;11;1024;2;140375
1;11;1024;2;281455
0;12;1024;2;140699
1;12;1024;2;325234
0;13;1024;2;141259
1;13;1024;2;343336
0;14;1024;2;140835
1;14;1024;2;478185
0;15;1024;2;139899
1;15;1024;2;396355
0;16;1024;2;140023
1;16;1024;2;444273
0;1;2048;2;289737
1;1;2048;2;302869
0;2;2048;2;299655
1;2;2048;2;307107
0;3;2048;2;280647
1;3;2048;2;345967
0;4;2048;2;280387
1;4;2048;2;288683
0;5;2048;2;303987
1;5;2048;2;279729
0;6;2048;2;273804
1;6;2048;2;283322
0;7;2048;2;278862
1;7;2048;2;269239
0;8;2048;2;283072
1;8;2048;2;336883
0;9;2048;2;273128
1;9;2048;2;380875
0;10;2048;2;282020
1;10;2048;2;368954
0;11;2048;2;298994
1;11;2048;2;412498
0;12;2048;2;288850
1;12;2048;2;468445
0;13;2048;2;289347
1;13;2048;2;480842
0;14;2048;2;293345
1;14;2048;2;497676
0;15;2048;2;291022
1;15;2048;2;524554
0;16;2048;2;294206
1;16;2048;2;554161
0;1;4096;2;616709
1;1;4096;2;582787
0;2;4096;2;603088
1;2;4096;2;655402
0;3;4096;2;589947
1;3;4096;2;650596
0;4;4096;2;582555
1;4;4096;2;593030
0;5;4096;2;640568
1;5;4096;2;567092
0;6;4096;2;609454
1;6;4096;2;555345
0;7;4096;2;595779
1;7;4096;2;560422
0;8;4096;2;569461
1;8;4096;2;767162
0;9;4096;2;607189
1;9;4096;2;709104
0;10;4096;2;610776
1;10;4096;2;677272
0;11;4096;2;601484
1;11;4096;2;667269
0;12;4096;2;600686
1;12;4096;2;713726
0;13;4096;2;585060
1;13;4096;2;824242
0;14;4096;2;594983
1;14;4096;2;881634
0;15;4096;2;604392
1;15;4096;2;844009
0;16;4096;2;598975
1;16;4096;2;840919
0;1;8192;2;1225243
1;1;8192;2;1239006
0;2;8192;2;1210063
1;2;8192;2;1274767
0;3;8192;2;1227477
1;3;8192;2;1295271
0;4;8192;2;1235422
1;4;8192;2;1151629
0;5;8192;2;1213343
1;5;8192;2;1146714
0;6;8192;2;1208990
1;6;8192;2;1122913
0;7;8192;2;1216628
1;7;8192;2;1249877
0;8;8192;2;1255294
1;8;8192;2;1423581
0;9;8192;2;1225454
1;9;8192;2;1274423
0;10;8192;2;1236118
1;10;8192;2;1292190
0;11;8192;2;1237564
1;11;8192;2;1404229
0;12;8192;2;1211595
1;12;8192;2;1337162
0;13;8192;2;1225212
1;13;8192;2;1358057
0;14;8192;2;1220734
1;14;8192;2;1393678
0;15;8192;2;1244245
1;15;8192;2;1403347
0;16;8192;2;1225809
1;16;8192;2;1354414
0;1;16384;2;2433772
1;1;16384;2;2491271
0;2;16384;2;2476190
1;2;16384;2;2502597
0;3;16384;2;2470031
1;3;16384;2;2480595
0;4;16384;2;2508472
1;4;16384;2;2408824
0;5;16384;2;2458895
1;5;16384;2;2229590
0;6;16384;2;2484758
1;6;16384;2;2298156
0;7;16384;2;2480225
1;7;16384;2;2169416
0;8;16384;2;2484720
1;8;16384;2;2784835
0;9;16384;2;2472192
1;9;16384;2;2474769
0;10;16384;2;2446678
1;10;16384;2;2344916
0;11;16384;2;2476051
1;11;16384;2;2538359
0;12;16384;2;2515792
1;12;16384;2;2574063
0;13;16384;2;2468512
1;13;16384;2;2481730
0;14;16384;2;2454477
1;14;16384;2;2507844
0;15;16384;2;2502135
1;15;16384;2;2688696
0;16;16384;2;2464366
1;16;16384;2;2551235
0;1;32768;2;5086288
1;1;32768;2;5137297
0;2;32768;2;5024585
1;2;32768;2;5105849
0;3;32768;2;5018683
1;3;32768;2;5132676
0;4;32768;2;5062026
1;4;32768;2;4724210
0;5;32768;2;5051910
1;5;32768;2;4658841
0;6;32768;2;5100090
1;6;32768;2;4714864
0;7;32768;2;5115047
1;7;32768;2;4526539
0;8;32768;2;5049787
1;8;32768;2;5219762
0;9;32768;2;5084061
1;9;32768;2;4725939
0;10;32768;2;5078460
1;10;32768;2;4899457
0;11;32768;2;5095999
1;11;32768;2;4850746
0;12;32768;2;5062937
1;12;32768;2;4645910
0;13;32768;2;5046592
1;13;32768;2;5033746
0;14;32768;2;5045460
1;14;32768;2;4927043
0;15;32768;2;5066988
1;15;32768;2;4797756
0;16;32768;2;5029734
1;16;32768;2;4820676
0;1;65536;2;10143812
1;1;65536;2;10201291
0;2;65536;2;10187829
1;2;65536;2;10094637
0;3;65536;2;10283222
1;3;65536;2;10227669
0;4;65536;2;10210633
1;4;65536;2;9352384
0;5;65536;2;10282544
1;5;65536;2;9020044
0;6;65536;2;10171760
1;6;65536;2;9380684
0;7;65536;2;10269842
1;7;65536;2;8789130
0;8;65536;2;10178130
1;8;65536;2;10035499
0;9;65536;2;10194863
1;9;65536;2;10784066
0;10;65536;2;10198789
1;10;65536;2;10558664
0;11;65536;2;10174806
1;11;65536;2;10288094
0;12;65536;2;10168496
1;12;65536;2;10521451
0;13;65536;2;10245089
1;13;65536;2;10450015
0;14;65536;2;10226984
1;14;65536;2;10434730
0;15;65536;2;10191395
1;15;65536;2;10926145
0;16;65536;2;10281963
1;16;65536;2;10873507
0;1;131072;2;20724007
1;1;131072;2;20737446
0;2;131072;2;20814073
1;2;131072;2;20417894
0;3;131072;2;20751717
1;3;131072;2;20325136
0;4;131072;2;20750737
1;4;131072;2;18559023
0;5;131072;2;20793888
1;5;131072;2;18144833
0;6;131072;2;20767401
1;6;131072;2;17975522
0;7;131072;2;20718612
1;7;131072;2;20493914
0;8;131072;2;20913760
1;8;131072;2;20636925
0;9;131072;2;20703572
1;9;131072;2;22052190
0;10;131072;2;20827965
1;10;131072;2;22104966
0;11;131072;2;20772329
1;11;131072;2;23786921
0;12;131072;2;21344956
1;12;131072;2;25480010
0;13;131072;2;20740863
1;13;131072;2;25090306
0;14;131072;2;20870620
1;14;131072;2;28986575
0;15;131072;2;20926486
1;15;131072;2;23766141
0;16;131072;2;20711000
1;16;131072;2;24652694
0;1;2;3;66
1;1;2;3;3620
0;2;2;3;61
1;2;2;3;7135
0;3;2;3;60
1;3;2;3;9240
0;4;2;3;58
1;4;2;3;11665
0;5;2;3;63
1;5;2;3;10126
0;6;2;3;99
1;6;2;3;11242
0;7;2;3;109
1;7;2;3;11567
0;8;2;3;69
1;8;2;3;41341
0;9;2;3;68
1;9;2;3;161293
0;10;2;3;69
1;10;2;3;172269
0;11;2;3;67
1;11;2;3;258522
0;12;2;3;78
1;12;2;3;260334
0;13;2;3;75
1;13;2;3;298373
0;14;2;3;74
1;14;2;3;483652
0;15;2;3;72
1;15;2;3;478128
0;16;2;3;67
1;16;2;3;509422
0;1;4;3;241
1;1;4;3;3434
0;2;4;3;271
1;2;4;3;9390
0;3;4;3;251
1;3;4;3;9671
0;4;4;3;288
1;4;4;3;10212
0;5;4;3;444
1;5;4;3;10272
0;6;4;3;247
1;6;4;3;11480
0;7;4;3;255
1;7;4;3;12995
0;8;4;3;245
1;8;4;3;13523
0;9;4;3;223
1;9;4;3;151024
0;10;4;3;252
1;10;4;3;227959
0;11;4;3;250
1;11;4;3;204273
0;12;4;3;252
1;12;4;3;251814
0;13;4;3;237
1;13;4;3;365653
0;14;4;3;251
1;14;4;3;399556
0;15;4;3;254
1;15;4;3;373414
0;16;4;3;247
1;16;4;3;356013
0;1;8;3;639
1;1;8;3;3995
0;2;8;3;614
1;2;8;3;7948
0;3;8;3;671
1;3;8;3;10015
0;4;8;3;621
1;4;8;3;12000
0;5;8;3;622
1;5;8;3;12149
0;6;8;3;683
1;6;8;3;11855
0;7;8;3;631
1;7;8;3;12718
0;8;8;3;1090
1;8;8;3;13872
0;9;8;3;1025
1;9;8;3;102687
0;10;8;3;615
1;10;8;3;230133
0;11;8;3;611
1;11;8;3;221156
0;12;8;3;622
1;12;8;3;257130
0;13;8;3;667
1;13;8;3;380153
0;14;8;3;604
1;14;8;3;467757
0;15;8;3;608
1;15;8;3;397134
0;16;8;3;605
1;16;8;3;423824
0;1;16;3;1408
1;1;16;3;5088
0;2;16;3;1384
1;2;16;3;9563
0;3;16;3;1681
1;3;16;3;10703
0;4;16;3;1384
1;4;16;3;11410
0;5;16;3;1393
1;5;16;3;12408
0;6;16;3;1780
1;6;16;3;12487
0;7;16;3;1819
1;7;16;3;13154
0;8;16;3;1393
1;8;16;3;52719
0;9;16;3;2702
1;9;16;3;110355
0;10;16;3;1409
1;10;16;3;158616
0;11;16;3;1372
1;11;16;3;206680
0;12;16;3;1476
1;12;16;3;293327
0;13;16;3;1377
1;13;16;3;357783
0;14;16;3;1373
1;14;16;3;395647
0;15;16;3;1394
1;15;16;3;425668
0;16;16;3;1407
1;16;16;3;322768
0;1;32;3;3663
1;1;32;3;6380
0;2;32;3;3643
1;2;32;3;11038
0;3;32;3;3958
1;3;32;3;11861
0;4;32;3;3649
1;4;32;3;12932
0;5;32;3;3633
1;5;32;3;13046
0;6;32;3;3643
1;6;32;3;13931
0;7;32;3;4025
1;7;32;3;13726
0;8;32;3;3501
1;8;32;3;52227
0;9;32;3;3970
1;9;32;3;108916
0;10;32;3;3642
1;10;32;3;153044
0;11;32;3;3652
1;11;32;3;192263
0;12;32;3;3675
1;12;32;3;248386
0;13;32;3;3687
1;13;32;3;402679
0;14;32;3;3656
1;14;32;3;363168
0;15;32;3;3612
1;15;32;3;535344
0;16;32;3;4680
1;16;32;3;356846
0;1;64;3;7819
1;1;64;3;11056
0;2;64;3;8194
1;2;64;3;15657
0;3;64;3;8910
1;3;64;3;15980
0;4;64;3;8178
1;4;64;3;16496
0;5;64;3;9448
1;5;64;3;16950
0;6;64;3;9274
1;6;64;3;21492
0;7;64;3;8656
1;7;64;3;17886
0;8;64;3;9519
1;8;64;3;19928
0;9;64;3;9448
1;9;64;3;99003
0;10;64;3;7712
1;10;64;3;159167
0;11;64;3;7817
1;11;64;3;207227
0;12;64;3;7923
1;12;64;3;280535
0;13;64;3;7696
1;13;64;3;298257
0;14;64;3;7955
1;14;64;3;360742
0;15;64;3;7717
1;15;64;3;466344
0;16;64;3;7798
1;16;64;3;487388
0;1;128;3;18372
1;1;128;3;19422
0;2;128;3;17505
1;2;128;3;23357
0;3;128;3;17055
1;3;128;3;24736
0;4;128;3;16234
1;4;128;3;24774
0;5;128;3;15715
1;5;128;3;31919
0;6;128;3;16503
1;6;128;3;32460
0;7;128;3;16740
1;7;128;3;24968
0;8;128;3;16413
1;8;128;3;27573
0;9;128;3;16877
1;9;128;3;98041
0;10;128;3;16011
1;10;128;3;164142
0;11;128;3;16107
1;11;128;3;234651
0;12;128;3;15688
1;12;128;3;257338
0;13;128;3;15713
1;13;128;3;304421
0;14;128;3;15800
1;14;128;3;379876
0;15;128;3;18689
1;15;128;3;393808
0;16;128;3;16122
1;16;128;3;448050
0;1;256;3;32969
1;1;256;3;37408
0;2;256;3;32837
1;2;256;3;42581
0;3;256;3;33361
1;3;256;3;47162
0;4;256;3;33967
1;4;256;3;41443
0;5;256;3;33553
1;5;256;3;42090
0;6;256;3;33001
1;6;256;3;41979
0;7;256;3;34350
1;7;256;3;46055
0;8;256;3;34043
1;8;256;3;82530
0;9;256;3;39463
1;9;256;3;118301
0;10;256;3;33269
1;10;256;3;152349
0;11;256;3;33633
1;11;256;3;210634
0;12;256;3;32853
1;12;256;3;292149
0;13;256;3;33957
1;13;256;3;302117
0;14;256;3;33980
1;14;256;3;396995
0;15;256;3;61351
1;15;256;3;429594
0;16;256;3;34389
1;16;256;3;425068
0;1;512;3;71163
1;1;512;3;75864
0;2;512;3;70636
1;2;512;3;78918
0;3;512;3;66835
1;3;512;3;83043
0;4;512;3;64690
1;4;512;3;77605
0;5;512;3;65563
1;5;512;3;75317
0;6;512;3;68407
1;6;512;3;78107
0;7;512;3;81470
1;7;512;3;73665
0;8;512;3;67989
1;8;512;3;82306
0;9;512;3;67702
1;9;512;3;151293
0;10;512;3;69290
1;10;512;3;205257
0;11;512;3;68391
1;11;512;3;224093
0;12;512;3;69303
1;12;512;3;252742
0;13;512;3;68694
1;13;512;3;347904
0;14;512;3;67894
1;14;512;3;343099
0;15;512;3;70127
1;15;512;3;438091
0;16;512;3;73602
1;16;512;3;462614
0;1;1024;3;145105
1;1;1024;3;147929
0;2;1024;3;158485
1;2;1024;3;157994
0;3;1024;3;138353
1;3;1024;3;158213
0;4;1024;3;136786
1;4;1024;3;144470
0;5;1024;3;157004
1;5;1024;3;146094
0;6;1024;3;138844
1;6;1024;3;141025
0;7;1024;3;137447
1;7;1024;3;158272
0;8;1024;3;154638
1;8;1024;3;156965
0;9;1024;3;135860
1;9;1024;3;220805
0;10;1024;3;138394
1;10;1024;3;272390
0;11;1024;3;143549
1;11;1024;3;274445
0;12;1024;3;144050
1;12;1024;3;348761
0;13;1024;3;140962
1;13;1024;3;342720
0;14;1024;3;139938
1;14;1024;3;410291
0;15;1024;3;140690
1;15;1024;3;402391
0;16;1024;3;140513
1;16;1024;3;447139
0;1;2048;3;289189
1;1;2048;3;307851
0;2;2048;3;287284
1;2;2048;3;298635
0;3;2048;3;308909
1;3;2048;3;327143
0;4;2048;3;278054
1;4;2048;3;283991
0;5;2048;3;305077
1;5;2048;3;283586
0;6;2048;3;275249
1;6;2048;3;288385
0;7;2048;3;287232
1;7;2048;3;263135
0;8;2048;3;317728
1;8;2048;3;309491
0;9;2048;3;300695
1;9;2048;3;367361
0;10;2048;3;290414
1;10;2048;3;380142
0;11;2048;3;294750
1;11;2048;3;420243
0;12;2048;3;293934
1;12;2048;3;431960
0;13;2048;3;290507
1;13;2048;3;509365
0;14;2048;3;291102
1;14;2048;3;512904
0;15;2048;3;291728
1;15;2048;3;532312
0;16;2048;3;307317
1;16;2048;3;550359
0;1;4096;3;598759
1;1;4096;3;619374
0;2;4096;3;576505
1;2;4096;3;611358
0;3;4096;3;598745
1;3;4096;3;647967
0;4;4096;3;623080
1;4;4096;3;580744
0;5;4096;3;605738
1;5;4096;3;582612
0;6;4096;3;572595
1;6;4096;3;573126
0;7;4096;3;568481
1;7;4096;3;551287
0;8;4096;3;586449
1;8;4096;3;617091
0;9;4096;3;626417
1;9;4096;3;677501
0;10;4096;3;595175
1;10;4096;3;668020
0;11;4096;3;585160
1;11;4096;3;680390
0;12;4096;3;611022
1;12;4096;3;717296
0;13;4096;3;611927
1;13;4096;3;756263
0;14;4096;3;596606
1;14;4096;3;777157
0;15;4096;3;593849
1;15;4096;3;880870
0;16;4096;3;594286
1;16;4096;3;915502
0;1;8192;3;1202007
1;1;8192;3;1250999
0;2;8192;3;1196724
1;2;8192;3;1235337
0;3;8192;3;1215226
1;3;8192;3;1279646
0;4;8192;3;1216715
1;4;8192;3;1181480
0;5;8192;3;1218146
1;5;8192;3;1150465
0;6;8192;3;1205550
1;6;8192;3;1117669
0;7;8192;3;1197721
1;7;8192;3;1058182
0;8;8192;3;1228958
1;8;8192;3;1401982
0;9;8192;3;1223315
1;9;8192;3;1223476
0;10;8192;3;1236583
1;10;8192;3;1293119
0;11;8192;3;1203671
1;11;8192;3;1359665
0;12;8192;3;1230841
1;12;8192;3;1317563
0;13;8192;3;1214934
1;13;8192;3;1318488
0;14;8192;3;1229751
1;14;8192;3;1408376
0;15;8192;3;1205751
1;15;8192;3;1385146
0;16;8192;3;1204956
1;16;8192;3;1374166
0;1;16384;3;2488333
1;1;16384;3;2529219
0;2;16384;3;2463463
1;2;16384;3;2492576
0;3;16384;3;2499961
1;3;16384;3;2532056
0;4;16384;3;2461203
1;4;16384;3;2336808
0;5;16384;3;2445844
1;5;16384;3;2285351
0;6;16384;3;2478830
1;6;16384;3;2270142
0;7;16384;3;2493697
1;7;16384;3;2204204
0;8;16384;3;2521919
1;8;16384;3;2625511
0;9;16384;3;2480447
1;9;16384;3;2461574
0;10;16384;3;2470870
1;10;16384;3;2460905
0;11;16384;3;2470740
1;11;16384;3;2519859
0;12;16384;3;2522298
1;12;16384;3;2489854
0;13;16384;3;2489656
1;13;16384;3;2501999
0;14;16384;3;2499286
1;14;16384;3;2423686
0;15;16384;3;2526388
1;15;16384;3;2536889
0;16;16384;3;2490852
1;16;16384;3;2530018
0;1;32768;3;5105138
1;1;32768;3;5141060
0;2;32768;3;5054382
1;2;32768;3;5069989
0;3;32768;3;5172011
1;3;32768;3;5100730
0;4;32768;3;5138528
1;4;32768;3;4694624
0;5;32768;3;5090890
1;5;32768;3;4638195
0;6;32768;3;5119709
1;6;32768;3;4477670
0;7;32768;3;5063151
1;7;32768;3;4395853
0;8;32768;3;5040064
1;8;32768;3;5070280
0;9;32768;3;5043323
1;9;32768;3;4972341
0;10;32768;3;5115574
1;10;32768;3;5115197
0;11;32768;3;5069113
1;11;32768;3;4849480
0;12;32768;3;5043660
1;12;32768;3;4826170
0;13;32768;3;5043805
1;13;32768;3;4872720
0;14;32768;3;5079723
1;14;32768;3;4879722
0;15;32768;3;5081754
1;15;32768;3;5034366
0;16;32768;3;5058466
1;16;32768;3;4894966
0;1;65536;3;10177214
1;1;65536;3;10186980
0;2;65536;3;10281390
1;2;65536;3;10033648
0;3;65536;3;10179217
1;3;65536;3;10273040
0;4;65536;3;10208103
1;4;65536;3;9547654
0;5;65536;3;10411239
1;5;65536;3;9230002
0;6;65536;3;10177591
1;6;65536;3;8974703
0;7;65536;3;10361685
1;7;65536;3;10024044
0;8;65536;3;10191303
1;8;65536;3;10197466
0;9;65536;3;10215564
1;9;65536;3;10575972
0;10;65536;3;10199942
1;10;65536;3;10688230
0;11;65536;3;10433882
1;11;65536;3;10560897
0;12;65536;3;10112256
1;12;65536;3;10438064
0;13;65536;3;10187229
1;13;65536;3;10462637
0;14;65536;3;10159471
1;14;65536;3;10959432
0;15;65536;3;10114171
1;15;65536;3;10937704
0;16;65536;3;10182590
1;16;65536;3;10616311
0;1;131072;3;21160379
1;1;131072;3;21037662
0;2;131072;3;20753257
1;2;131072;3;20917472
0;3;131072;3;21037102
1;3;131072;3;21009670
0;4;131072;3;20786457
1;4;131072;3;18045657
0;5;131072;3;20972356
1;5;131072;3;18750409
0;6;131072;3;20791197
1;6;131072;3;18179893
0;7;131072;3;20819071
1;7;131072;3;20897759
0;8;131072;3;20763674
1;8;131072;3;20324979
0;9;131072;3;20734914
1;9;131072;3;22096034
0;10;131072;3;20782776
1;10;131072;3;22129089
0;11;131072;3;20981990
1;11;131072;3;22612155
0;12;131072;3;20741757
1;12;131072;3;24023887
0;13;131072;3;20896200
1;13;131072;3;24412556
0;14;131072;3;21056435
1;14;131072;3;22425933
0;15;131072;3;21213312
1;15;131072;3;24921258
0;16;131072;3;20861269
1;16;131072;3;23280963
0;1;2;4;74
1;1;2;4;3053
0;2;2;4;73
1;2;2;4;7997
0;3;2;4;73
1;3;2;4;9965
0;4;2;4;82
1;4;2;4;11103
0;5;2;4;122
1;5;2;4;11125
0;6;2;4;72
1;6;2;4;11993
0;7;2;4;124
1;7;2;4;12948
0;8;2;4;74
1;8;2;4;13195
0;9;2;4;69
1;9;2;4;116141
0;10;2;4;81
1;10;2;4;257856
0;11;2;4;105
1;11;2;4;216587
0;12;2;4;79
1;12;2;4;252902
0;13;2;4;74
1;13;2;4;305025
0;14;2;4;108
1;14;2;4;474031
0;15;2;4;71
1;15;2;4;400041
0;16;2;4;63
1;16;2;4;430244
0;1;4;4;248
1;1;4;4;3453
0;2;4;4;750
1;2;4;4;9435
0;3;4;4;269
1;3;4;4;10617
0;4;4;4;254
1;4;4;4;10536
0;5;4;4;282
1;5;4;4;10184
0;6;4;4;250
1;6;4;4;12646
0;7;4;4;254
1;7;4;4;12170
0;8;4;4;245
1;8;4;4;13363
0;9;4;4;225
1;9;4;4;171316
0;10;4;4;250
1;10;4;4;175359
0;11;4;4;255
1;11;4;4;205588
0;12;4;4;250
1;12;4;4;253718
0;13;4;4;250
1;13;4;4;459751
0;14;4;4;251
1;14;4;4;454974
0;15;4;4;249
1;15;4;4;390535
0;16;4;4;259
1;16;4;4;414167
0;1;8;4;606
1;1;8;4;4428
0;2;8;4;1038
1;2;8;4;7625
0;3;8;4;1036
1;3;8;4;9675
0;4;8;4;1080
1;4;8;4;11131
0;5;8;4;1138
1;5;8;4;10809
0;6;8;4;1078
1;6;8;4;12032
0;7;8;4;1101
1;7;8;4;12181
0;8;8;4;1137
1;8;8;4;18433
0;9;8;4;1111
1;9;8;4;103071
0;10;8;4;653
1;10;8;4;221108
0;11;8;4;615
1;11;8;4;206227
0;12;8;4;621
1;12;8;4;366890
0;13;8;4;834
1;13;8;4;303967
0;14;8;4;623
1;14;8;4;373737
0;15;8;4;1297
1;15;8;4;467267
0;16;8;4;621
1;16;8;4;513633
0;1;16;4;1416
1;1;16;4;5077
0;2;16;4;1468
1;2;16;4;9967
0;3;16;4;1478
1;3;16;4;11336
0;4;16;4;1687
1;4;16;4;11425
0;5;16;4;1386
1;5;16;4;11511
0;6;16;4;1422
1;6;16;4;12186
0;7;16;4;1390
1;7;16;4;13125
0;8;16;4;1806
1;8;16;4;14590
0;9;16;4;1412
1;9;16;4;103689
0;10;16;4;1502
1;10;16;4;158843
0;11;16;4;1486
1;11;16;4;257015
0;12;16;4;1429
1;12;16;4;281527
0;13;16;4;1496
1;13;16;4;309688
0;14;16;4;1394
1;14;16;4;466647
0;15;16;4;1375
1;15;16;4;372056
0;16;16;4;1406
1;16;16;4;434004
0;1;32;4;3676
1;1;32;4;6372
0;2;32;4;3533
1;2;32;4;11488
0;3;32;4;3633
1;3;32;4;13445
0;4;32;4;3509
1;4;32;4;12393
0;5;32;4;3685
1;5;32;4;13013
0;6;32;4;3700
1;6;32;4;13118
0;7;32;4;4017
1;7;32;4;14536
0;8;32;4;3486
1;8;32;4;15186
0;9;32;4;3669
1;9;32;4;103624
0;10;32;4;3670
1;10;32;4;167984
0;11;32;4;3651
1;11;32;4;252277
0;12;32;4;3607
1;12;32;4;286659
0;13;32;4;3645
1;13;32;4;371329
0;14;32;4;3649
1;14;32;4;414209
0;15;32;4;3655
1;15;32;4;353907
0;16;32;4;3654
1;16;32;4;415676
0;1;64;4;7693
1;1;64;4;10377
0;2;64;4;7672
1;2;64;4;14886
0;3;64;4;7715
1;3;64;4;15442
0;4;64;4;7704
1;4;64;4;15489
0;5;64;4;7693
1;5;64;4;16049
0;6;64;4;7658
1;6;64;4;16792
0;7;64;4;7657
1;7;64;4;18628
0;8;64;4;7696
1;8;64;4;19030
0;9;64;4;7505
1;9;64;4;102349
0;10;64;4;7737
1;10;64;4;170965
0;11;64;4;8212
1;11;64;4;246484
0;12;64;4;7764
1;12;64;4;241644
0;13;64;4;7516
1;13;64;4;306992
0;14;64;4;7710
1;14;64;4;411661
0;15;64;4;7487
1;15;64;4;407390
0;16;64;4;7752
1;16;64;4;486144
0;1;128;4;16603
1;1;128;4;20910
0;2;128;4;16626
1;2;128;4;24349
0;3;128;4;16007
1;3;128;4;25801
0;4;128;4;15785
1;4;128;4;26506
0;5;128;4;15771
1;5;128;4;23361
0;6;128;4;15798
1;6;128;4;24112
0;7;128;4;16234
1;7;128;4;26707
0;8;128;4;15778
1;8;128;4;28123
0;9;128;4;16346
1;9;128;4;190296
0;10;128;4;21925
1;10;128;4;170111
0;11;128;4;15966
1;11;128;4;235742
0;12;128;4;16200
1;12;128;4;256804
0;13;128;4;16632
1;13;128;4;382468
0;14;128;4;16229
1;14;128;4;379080
0;15;128;4;17016
1;15;128;4;466386
0;16;128;4;16195
1;16;128;4;429437
0;1;256;4;34313
1;1;256;4;36656
0;2;256;4;33168
1;2;256;4;43060
0;3;256;4;33938
1;3;256;4;46034
0;4;256;4;60262
1;4;256;4;50303
0;5;256;4;33888
1;5;256;4;41667
0;6;256;4;32927
1;6;256;4;43427
0;7;256;4;32633
1;7;256;4;40419
0;8;256;4;33197
1;8;256;4;45535
0;9;256;4;33987
1;9;256;4;120005
0;10;256;4;33039
1;10;256;4;192950
0;11;256;4;33697
1;11;256;4;216273
0;12;256;4;33766
1;12;256;4;258039
0;13;256;4;32738
1;13;256;4;297320
0;14;256;4;34049
1;14;256;4;351257
0;15;256;4;32764
1;15;256;4;400091
0;16;256;4;33357
1;16;256;4;452780
0;1;512;4;70119
1;1;512;4;72641
0;2;512;4;70391
1;2;512;4;80364
0;3;512;4;68976
1;3;512;4;83384
0;4;512;4;68672
1;4;512;4;78737
0;5;512;4;67858
1;5;512;4;83252
0;6;512;4;67545
1;6;512;4;72615
0;7;512;4;64420
1;7;512;4;80843
0;8;512;4;70037
1;8;512;4;82697
0;9;512;4;62590
1;9;512;4;162651
0;10;512;4;72125
1;10;512;4;192221
0;11;512;4;72346
1;11;512;4;216231
0;12;512;4;67726
1;12;512;4;311847
0;13;512;4;69875
1;13;512;4;317327
0;14;512;4;70419
1;14;512;4;362415
0;15;512;4;70960
1;15;512;4;405592
0;16;512;4;69751
1;16;512;4;396225
0;1;1024;4;141413
1;1;1024;4;146414
0;2;1024;4;139868
1;2;1024;4;161331
0;3;1024;4;141555
1;3;1024;4;160326
0;4;1024;4;147228
1;4;1024;4;159817
0;5;1024;4;140390
1;5;1024;4;141588
0;6;1024;4;137435
1;6;1024;4;139914
0;7;1024;4;139920
1;7;1024;4;171798
0;8;1024;4;138199
1;8;1024;4;154124
0;9;1024;4;135658
1;9;1024;4;251716
0;10;1024;4;139058
1;10;1024;4;245509
0;11;1024;4;139128
1;11;1024;4;282261
0;12;1024;4;148983
1;12;1024;4;311075
0;13;1024;4;139122
1;13;1024;4;344514
0;14;1024;4;179576
1;14;1024;4;361176
0;15;1024;4;141140
1;15;1024;4;458069
0;16;1024;4;143913
1;16;1024;4;436895
0;1;2048;4;291760
1;1;2048;4;309609
0;2;2048;4;274445
1;2;2048;4;302882
0;3;2048;4;309614
1;3;2048;4;314728
0;4;2048;4;278246
1;4;2048;4;299245
0;5;2048;4;274896
1;5;2048;4;278160
0;6;2048;4;294303
1;6;2048;4;301498
0;7;2048;4;278648
1;7;2048;4;269731
0;8;2048;4;303817
1;8;2048;4;310409
0;9;2048;4;282859
1;9;2048;4;363680
0;10;2048;4;290647
1;10;2048;4;401393
0;11;2048;4;295071
1;11;2048;4;401678
0;12;2048;4;300722
1;12;2048;4;437368
0;13;2048;4;294677
1;13;2048;4;494901
0;14;2048;4;292305
1;14;2048;4;528541
0;15;2048;4;293224
1;15;2048;4;585167
0;16;2048;4;288340
1;16;2048;4;565179
0;1;4096;4;599997
1;1;4096;4;644308
0;2;4096;4;571868
1;2;4096;4;633084
0;3;4096;4;597623
1;3;4096;4;627147
0;4;4096;4;636100
1;4;4096;4;569768
0;5;4096;4;595445
1;5;4096;4;572368
0;6;4096;4;571887
1;6;4096;4;570288
0;7;4096;4;569623
1;7;4096;4;630519
0;8;4096;4;607772
1;8;4096;4;787200
0;9;4096;4;577645
1;9;4096;4;687070
0;10;4096;4;607677
1;10;4096;4;679354
0;11;4096;4;609158
1;11;4096;4;689177
0;12;4096;4;589578
1;12;4096;4;767414
0;13;4096;4;598104
1;13;4096;4;751048
0;14;4096;4;603709
1;14;4096;4;816337
0;15;4096;4;598426
1;15;4096;4;808823
0;16;4096;4;597077
1;16;4096;4;860495
0;1;8192;4;1218218
1;1;8192;4;1226719
0;2;8192;4;1214451
1;2;8192;4;1261754
0;3;8192;4;1225899
1;3;8192;4;1263214
0;4;8192;4;1201744
1;4;8192;4;1135118
0;5;8192;4;1247546
1;5;8192;4;1137361
0;6;8192;4;1208942
1;6;8192;4;1134940
0;7;8192;4;1246958
1;7;8192;4;1086750
0;8;8192;4;1220302
1;8;8192;4;1375139
0;9;8192;4;1237562
1;9;8192;4;1208836
0;10;8192;4;1220220
1;10;8192;4;1341586
0;11;8192;4;1243820
1;11;8192;4;1268178
0;12;8192;4;1238020
1;12;8192;4;1327013
0;13;8192;4;1213724
1;13;8192;4;1336529
0;14;8192;4;1217526
1;14;8192;4;1382687
0;15;8192;4;1258349
1;15;8192;4;1487152
0;16;8192;4;1208443
1;16;8192;4;1389151
0;1;16384;4;2460313
1;1;16384;4;2492444
0;2;16384;4;2465505
1;2;16384;4;2428632
0;3;16384;4;2473509
1;3;16384;4;2560617
0;4;16384;4;2508309
1;4;16384;4;2344921
0;5;16384;4;2475943
1;5;16384;4;2230583
0;6;16384;4;2497914
1;6;16384;4;2219632
0;7;16384;4;2477747
1;7;16384;4;2188523
0;8;16384;4;2479217
1;8;16384;4;2614871
0;9;16384;4;2463670
1;9;16384;4;2444003
0;10;16384;4;2467909
1;10;16384;4;2473786
0;11;16384;4;2460261
1;11;16384;4;2515040
0;12;16384;4;2471365
1;12;16384;4;2603163
0;13;16384;4;2499531
1;13;16384;4;2470801
0;14;16384;4;2483433
1;14;16384;4;2449563
0;15;16384;4;2539109
1;15;16384;4;2438770
0;16;16384;4;2454983
1;16;16384;4;2515849
0;1;32768;4;5072473
1;1;32768;4;5129107
0;2;32768;4;5037195
1;2;32768;4;5069126
0;3;32768;4;5090413
1;3;32768;4;5076631
0;4;32768;4;5027790
1;4;32768;4;4707709
0;5;32768;4;5093316
1;5;32768;4;4680702
0;6;32768;4;5066378
1;6;32768;4;4400435
0;7;32768;4;5040215
1;7;32768;4;5063328
0;8;32768;4;5096390
1;8;32768;4;5191449
0;9;32768;4;5062025
1;9;32768;4;5237227
0;10;32768;4;5135994
1;10;32768;4;4951728
0;11;32768;4;5124036
1;11;32768;4;5059368
0;12;32768;4;5036334
1;12;32768;4;4875160
0;13;32768;4;5016838
1;13;32768;4;5086481
0;14;32768;4;5023040
1;14;32768;4;5003262
0;15;32768;4;5026871
1;15;32768;4;4972778
0;16;32768;4;5059440
1;16;32768;4;5146907
0;1;65536;4;10214047
1;1;65536;4;10190290
0;2;65536;4;10239177
1;2;65536;4;10410319
0;3;65536;4;10439823
1;3;65536;4;10163638
0;4;65536;4;10214064
1;4;65536;4;9484192
0;5;65536;4;10162408
1;5;65536;4;9217343
0;6;65536;4;10198340
1;6;65536;4;9151575
0;7;65536;4;10210288
1;7;65536;4;8764659
0;8;65536;4;10240762
1;8;65536;4;10230269
0;9;65536;4;10165004
1;9;65536;4;10915315
0;10;65536;4;10148675
1;10;65536;4;10601424
0;11;65536;4;10138223
1;11;65536;4;10154699
0;12;65536;4;10185670
1;12;65536;4;10435935
0;13;65536;4;10268890
1;13;65536;4;10582387
0;14;65536;4;10173418
1;14;65536;4;10971316
0;15;65536;4;10111373
1;15;65536;4;10713765
0;16;65536;4;10157215
1;16;65536;4;11222966
0;1;131072;4;20747718
1;1;131072;4;21124321
0;2;131072;4;20722623
1;2;131072;4;20776880
0;3;131072;4;20784403
1;3;131072;4;20532629
0;4;131072;4;20767609
1;4;131072;4;18735023
0;5;131072;4;20797381
1;5;131072;4;19193227
0;6;131072;4;21005255
1;6;131072;4;17929102
0;7;131072;4;20835157
1;7;131072;4;18265790
0;8;131072;4;20843437
1;8;131072;4;20150156
0;9;131072;4;20836136
1;9;131072;4;22293310
0;10;131072;4;20849793
1;10;131072;4;21476913
0;11;131072;4;20886736
1;11;131072;4;24559505
0;12;131072;4;20776903
1;12;131072;4;29209655
0;13;131072;4;20903819
1;13;131072;4;22838554
0;14;131072;4;20787887
1;14;131072;4;25634016
0;15;131072;4;20767443
1;15;131072;4;23928327
0;16;131072;4;20793380
1;16;131072;4;23264007
0;1;2;5;74
1;1;2;5;3059
0;2;2;5;82
1;2;2;5;8743
0;3;2;5;76
1;3;2;5;9646
0;4;2;5;74
1;4;2;5;11374
0;5;2;5;75
1;5;2;5;11808
0;6;2;5;70
1;6;2;5;15888
0;7;2;5;72
1;7;2;5;12728
0;8;2;5;79
1;8;2;5;13037
0;9;2;5;80
1;9;2;5;109141
0;10;2;5;92
1;10;2;5;244398
0;11;2;5;108
1;11;2;5;229853
0;12;2;5;78
1;12;2;5;284291
0;13;2;5;77
1;13;2;5;335680
0;14;2;5;65
1;14;2;5;394551
0;15;2;5;70
1;15;2;5;277854
0;16;2;5;74
1;16;2;5;351422
0;1;4;5;243
1;1;4;5;3442
0;2;4;5;248
1;2;4;5;11297
0;3;4;5;280
1;3;4;5;10061
0;4;4;5;440
1;4;4;5;10347
0;5;4;5;277
1;5;4;5;10633
0;6;4;5;245
1;6;4;5;11459
0;7;4;5;244
1;7;4;5;12374
0;8;4;5;233
1;8;4;5;13889
0;9;4;5;243
1;9;4;5;104643
0;10;4;5;294
1;10;4;5;152000
0;11;4;5;262
1;11;4;5;253413
0;12;4;5;249
1;12;4;5;260857
0;13;4;5;249
1;13;4;5;345317
0;14;4;5;244
1;14;4;5;412066
0;15;4;5;250
1;15;4;5;422697
0;16;4;5;438
1;16;4;5;312347
0;1;8;5;671
1;1;8;5;3984
0;2;8;5;622
1;2;8;5;8140
0;3;8;5;618
1;3;8;5;9674
0;4;8;5;624
1;4;8;5;11893
0;5;8;5;622
1;5;8;5;10949
0;6;8;5;608
1;6;8;5;12877
0;7;8;5;626
1;7;8;5;12452
0;8;8;5;1103
1;8;8;5;14314
0;9;8;5;1095
1;9;8;5;100840
0;10;8;5;679
1;10;8;5;225649
0;11;8;5;606
1;11;8;5;216960
0;12;8;5;625
1;12;8;5;258046
0;13;8;5;625
1;13;8;5;331855
0;14;8;5;629
1;14;8;5;429067
0;15;8;5;1087
1;15;8;5;283609
0;16;8;5;622
1;16;8;5;509851
0;1;16;5;1914
1;1;16;5;5591
0;2;16;5;1373
1;2;16;5;9573
0;3;16;5;1533
1;3;16;5;10587
0;4;16;5;1390
1;4;16;5;14897
0;5;16;5;1793
1;5;16;5;11677
0;6;16;5;1378
1;6;16;5;12411
0;7;16;5;1386
1;7;16;5;13154
0;8;16;5;2328
1;8;16;5;14454
0;9;16;5;2762
1;9;16;5;101978
0;10;16;5;1413
1;10;16;5;222911
0;11;16;5;1372
1;11;16;5;216155
0;12;16;5;1409
1;12;16;5;258981
0;13;16;5;1689
1;13;16;5;247408
0;14;16;5;1413
1;14;16;5;441676
0;15;16;5;1412
1;15;16;5;376282
0;16;16;5;1390
1;16;16;5;518614
0;1;32;5;3690
1;1;32;5;6796
0;2;32;5;5296
1;2;32;5;10455
0;3;32;5;4441
1;3;32;5;13953
0;4;32;5;4349
1;4;32;5;13238
0;5;32;5;6709
1;5;32;5;13103
0;6;32;5;5217
1;6;32;5;13900
0;7;32;5;4388
1;7;32;5;15301
0;8;32;5;6176
1;8;32;5;14394
0;9;32;5;5278
1;9;32;5;103571
0;10;32;5;3495
1;10;32;5;200515
0;11;32;5;3737
1;11;32;5;218669
0;12;32;5;3700
1;12;32;5;259432
0;13;32;5;3636
1;13;32;5;387220
0;14;32;5;3654
1;14;32;5;388374
0;15;32;5;3548
1;15;32;5;338038
0;16;32;5;3655
1;16;32;5;552000
0;1;64;5;7797
1;1;64;5;10360
0;2;64;5;10059
1;2;64;5;15251
0;3;64;5;9443
1;3;64;5;15681
0;4;64;5;9178
1;4;64;5;15521
0;5;64;5;9620
1;5;64;5;16472
0;6;64;5;12585
1;6;64;5;16739
0;7;64;5;7766
1;7;64;5;19000
0;8;64;5;7466
1;8;64;5;165133
0;9;64;5;14766
1;9;64;5;104416
0;10;64;5;7740
1;10;64;5;153147
0;11;64;5;7953
1;11;64;5;211984
0;12;64;5;7773
1;12;64;5;261736
0;13;64;5;7793
1;13;64;5;333534
0;14;64;5;7708
1;14;64;5;358377
0;15;64;5;7496
1;15;64;5;447784
0;16;64;5;7762
1;16;64;5;521747
0;1;128;5;16030
1;1;128;5;18988
0;2;128;5;16192
1;2;128;5;24550
0;3;128;5;15585
1;3;128;5;24278
0;4;128;5;26508
1;4;128;5;25297
0;5;128;5;16160
1;5;128;5;24442
0;6;128;5;16638
1;6;128;5;33117
0;7;128;5;16595
1;7;128;5;24699
0;8;128;5;16254
1;8;128;5;28171
0;9;128;5;16099
1;9;128;5;112338
0;10;128;5;16165
1;10;128;5;196085
0;11;128;5;15885
1;11;128;5;247166
0;12;128;5;16739
1;12;128;5;261847
0;13;128;5;16155
1;13;128;5;302242
0;14;128;5;16378
1;14;128;5;394443
0;15;128;5;16125
1;15;128;5;349697
0;16;128;5;15653
1;16;128;5;400898
0;1;256;5;33381
1;1;256;5;36318
0;2;256;5;33153
1;2;256;5;42570
0;3;256;5;33594
1;3;256;5;43559
0;4;256;5;33701
1;4;256;5;41019
0;5;256;5;35181
1;5;256;5;39930
0;6;256;5;32958
1;6;256;5;40908
0;7;256;5;34457
1;7;256;5;40655
0;8;256;5;33154
1;8;256;5;45942
0;9;256;5;32110
1;9;256;5;179311
0;10;256;5;37462
1;10;256;5;181596
0;11;256;5;34112
1;11;256;5;239825
0;12;256;5;32479
1;12;256;5;254672
0;13;256;5;33690
1;13;256;5;391408
0;14;256;5;33837
1;14;256;5;344262
0;15;256;5;33587
1;15;256;5;479288
0;16;256;5;33793
1;16;256;5;455554
0;1;512;5;70757
1;1;512;5;72451
0;2;512;5;70891
1;2;512;5;85254
0;3;512;5;75008
1;3;512;5;81068
0;4;512;5;67631
1;4;512;5;74576
0;5;512;5;70114
1;5;512;5;75674
0;6;512;5;69020
1;6;512;5;73835
0;7;512;5;68779
1;7;512;5;74857
0;8;512;5;70198
1;8;512;5;125675
0;9;512;5;65314
1;9;512;5;149156
0;10;512;5;69621
1;10;512;5;184003
0;11;512;5;67971
1;11;512;5;247458
0;12;512;5;80014
1;12;512;5;312550
0;13;512;5;68963
1;13;512;5;304787
0;14;512;5;68415
1;14;512;5;400385
0;15;512;5;68766
1;15;512;5;396249
0;16;512;5;69469
1;16;512;5;506292
0;1;1024;5;142225
1;1;1024;5;143877
0;2;1024;5;137625
1;2;1024;5;159430
0;3;1024;5;142475
1;3;1024;5;161222
0;4;1024;5;141604
1;4;1024;5;147605
0;5;1024;5;141503
1;5;1024;5;150142
0;6;1024;5;157194
1;6;1024;5;141185
0;7;1024;5;138548
1;7;1024;5;157153
0;8;1024;5;136321
1;8;1024;5;199413
0;9;1024;5;136108
1;9;1024;5;222718
0;10;1024;5;139394
1;10;1024;5;264794
0;11;1024;5;140830
1;11;1024;5;278653
0;12;1024;5;144629
1;12;1024;5;318653
0;13;1024;5;142646
1;13;1024;5;348750
0;14;1024;5;143170
1;14;1024;5;459388
0;15;1024;5;142367
1;15;1024;5;396993
0;16;1024;5;140238
1;16;1024;5;452841
0;1;2048;5;288542
1;1;2048;5;293470
0;2;2048;5;313878
1;2;2048;5;309694
0;3;2048;5;292457
1;3;2048;5;322974
0;4;2048;5;277473
1;4;2048;5;299158
0;5;2048;5;296171
1;5;2048;5;277929
0;6;2048;5;274767
1;6;2048;5;284813
0;7;2048;5;323205
1;7;2048;5;272505
0;8;2048;5;287425
1;8;2048;5;318652
0;9;2048;5;279602
1;9;2048;5;383750
0;10;2048;5;287147
1;10;2048;5;354977
0;11;2048;5;299002
1;11;2048;5;398306
0;12;2048;5;292904
1;12;2048;5;456232
0;13;2048;5;292050
1;13;2048;5;490356
0;14;2048;5;292118
1;14;2048;5;498764
0;15;2048;5;291836
1;15;2048;5;538566
0;16;2048;5;332590
1;16;2048;5;588617
0;1;4096;5;605097
1;1;4096;5;589634
0;2;4096;5;611472
1;2;4096;5;622126
0;3;4096;5;581699
1;3;4096;5;633192
0;4;4096;5;589648
1;4;4096;5;593185
0;5;4096;5;603781
1;5;4096;5;561845
0;6;4096;5;611756
1;6;4096;5;544768
0;7;4096;5;581878
1;7;4096;5;559431
0;8;4096;5;569779
1;8;4096;5;660677
0;9;4096;5;590094
1;9;4096;5;678853
0;10;4096;5;618594
1;10;4096;5;704530
0;11;4096;5;595626
1;11;4096;5;681466
0;12;4096;5;606350
1;12;4096;5;709990
0;13;4096;5;598662
1;13;4096;5;778391
0;14;4096;5;597644
1;14;4096;5;797675
0;15;4096;5;613128
1;15;4096;5;938291
0;16;4096;5;594621
1;16;4096;5;809655
0;1;8192;5;1224624
1;1;8192;5;1263862
0;2;8192;5;1206036
1;2;8192;5;1243057
0;3;8192;5;1209979
1;3;8192;5;1286218
0;4;8192;5;1233918
1;4;8192;5;1153738
0;5;8192;5;1221287
1;5;8192;5;1133929
0;6;8192;5;1226615
1;6;8192;5;1113858
0;7;8192;5;1228919
1;7;8192;5;1086073
0;8;8192;5;1256105
1;8;8192;5;1346826
0;9;8192;5;1206440
1;9;8192;5;1232936
0;10;8192;5;1238979
1;10;8192;5;1331492
0;11;8192;5;1248155
1;11;8192;5;1231560
0;12;8192;5;1215866
1;12;8192;5;1305138
0;13;8192;5;1215639
1;13;8192;5;1373088
0;14;8192;5;1267467
1;14;8192;5;1475802
0;15;8192;5;1224731
1;15;8192;5;1472998
0;16;8192;5;1236319
1;16;8192;5;1449148
0;1;16384;5;2465377
1;1;16384;5;2496014
0;2;16384;5;2465010
1;2;16384;5;2419035
0;3;16384;5;2470184
1;3;16384;5;2488639
0;4;16384;5;2491872
1;4;16384;5;2295383
0;5;16384;5;2472212
1;5;16384;5;2306681
0;6;16384;5;2491565
1;6;16384;5;2149248
0;7;16384;5;2466265
1;7;16384;5;2135601
0;8;16384;5;2490962
1;8;16384;5;2535169
0;9;16384;5;2489129
1;9;16384;5;2393902
0;10;16384;5;2466022
1;10;16384;5;2577299
0;11;16384;5;2470946
1;11;16384;5;2393344
0;12;16384;5;2488523
1;12;16384;5;2415145
0;13;16384;5;2474050
1;13;16384;5;2354812
0;14;16384;5;2473899
1;14;16384;5;2480344
0;15;16384;5;2465672
1;15;16384;5;2563772
0;16;16384;5;2462410
1;16;16384;5;2503855
0;1;32768;5;5030572
1;1;32768;5;5063879
0;2;32768;5;5066465
1;2;32768;5;5091412
0;3;32768;5;5062326
1;3;32768;5;5120330
0;4;32768;5;5049760
1;4;32768;5;4756896
0;5;32768;5;5027809
1;5;32768;5;4529177
0;6;32768;5;5110279
1;6;32768;5;4631217
0;7;32768;5;5056039
1;7;32768;5;4467706
0;8;32768;5;5069951
1;8;32768;5;5323040
0;9;32768;5;5063663
1;9;32768;5;4781835
0;10;32768;5;5108390
1;10;32768;5;5309692
0;11;32768;5;5078593
1;11;32768;5;4817938
0;12;32768;5;5047384
1;12;32768;5;5057127
0;13;32768;5;5035101
1;13;32768;5;5132369
0;14;32768;5;5102720
1;14;32768;5;4935691
0;15;32768;5;5069032
1;15;32768;5;4774628
0;16;32768;5;5111153
1;16;32768;5;5271358
0;1;65536;5;10191446
1;1;65536;5;10195890
0;2;65536;5;10221962
1;2;65536;5;10145442
0;3;65536;5;10227323
1;3;65536;5;10244391
0;4;65536;5;10216076
1;4;65536;5;9248175
0;5;65536;5;10187909
1;5;65536;5;9328478
0;6;65536;5;10213335
1;6;65536;5;9260348
0;7;65536;5;10271808
1;7;65536;5;8772488
0;8;65536;5;10171480
1;8;65536;5;10156784
0;9;65536;5;10303490
1;9;65536;5;10439998
0;10;65536;5;10191328
1;10;65536;5;10352723
0;11;65536;5;10133979
1;11;65536;5;10614677
0;12;65536;5;10235225
1;12;65536;5;10525039
0;13;65536;5;10231354
1;13;65536;5;10926475
0;14;65536;5;10217740
1;14;65536;5;10417886
0;15;65536;5;10167312
1;15;65536;5;10745087
0;16;65536;5;10214340
1;16;65536;5;10449306
0;1;131072;5;21169190
1;1;131072;5;20785057
0;2;131072;5;20840106
1;2;131072;5;20612922
0;3;131072;5;20739990
1;3;131072;5;20439424
0;4;131072;5;20995818
1;4;131072;5;19172683
0;5;131072;5;20733966
1;5;131072;5;18908851
0;6;131072;5;20963975
1;6;131072;5;18097398
0;7;131072;5;20756084
1;7;131072;5;17895907
0;8;131072;5;20663743
1;8;131072;5;19456757
0;9;131072;5;20933457
1;9;131072;5;22020461
0;10;131072;5;20787799
1;10;131072;5;22498819
0;11;131072;5;20768796
1;11;131072;5;23365163
0;12;131072;5;20688555
1;12;131072;5;22093992
0;13;131072;5;21018945
1;13;131072;5;22717064
0;14;131072;5;20964915
1;14;131072;5;22524327
0;15;131072;5;20816305
1;15;131072;5;22672372
0;16;131072;5;20946344
1;16;131072;5;23212558
0;1;2;6;72
1;1;2;6;3147
0;2;2;6;75
1;2;2;6;7568
0;3;2;6;71
1;3;2;6;10013
0;4;2;6;75
1;4;2;6;11246
0;5;2;6;80
1;5;2;6;12430
0;6;2;6;121
1;6;2;6;12343
0;7;2;6;141
1;7;2;6;16147
0;8;2;6;77
1;8;2;6;49618
0;9;2;6;86
1;9;2;6;125100
0;10;2;6;106
1;10;2;6;192039
0;11;2;6;75
1;11;2;6;304139
0;12;2;6;72
1;12;2;6;302427
0;13;2;6;79
1;13;2;6;340591
0;14;2;6;66
1;14;2;6;425678
0;15;2;6;62
1;15;2;6;270895
0;16;2;6;75
1;16;2;6;430752
0;1;4;6;251
1;1;4;6;3451
0;2;4;6;18446744073709551564
1;2;4;6;9044
0;3;4;6;264
1;3;4;6;11543
0;4;4;6;241
1;4;4;6;10036
0;5;4;6;237
1;5;4;6;10639
0;6;4;6;238
1;6;4;6;11287
0;7;4;6;919
1;7;4;6;12279
0;8;4;6;232
1;8;4;6;13320
0;9;4;6;431
1;9;4;6;99626
0;10;4;6;272
1;10;4;6;154784
0;11;4;6;249
1;11;4;6;204355
0;12;4;6;254
1;12;4;6;338943
0;13;4;6;281
1;13;4;6;315902
0;14;4;6;251
1;14;4;6;429035
0;15;4;6;259
1;15;4;6;435212
0;16;4;6;254
1;16;4;6;364328
0;1;8;6;614
1;1;8;6;4014
0;2;8;6;605
1;2;8;6;7895
0;3;8;6;1553
1;3;8;6;10899
0;4;8;6;1133
1;4;8;6;11036
0;5;8;6;686
1;5;8;6;12198
0;6;8;6;1570
1;6;8;6;12135
0;7;8;6;985
1;7;8;6;12520
0;8;8;6;1341
1;8;8;6;13533
0;9;8;6;1072
1;9;8;6;105208
0;10;8;6;627
1;10;8;6;155880
0;11;8;6;604
1;11;8;6;207641
0;12;8;6;867
1;12;8;6;287234
0;13;8;6;672
1;13;8;6;330423
0;14;8;6;664
1;14;8;6;454096
0;15;8;6;681
1;15;8;6;403505
0;16;8;6;648
1;16;8;6;540023
0;1;16;6;1371
1;1;16;6;5085
0;2;16;6;1932
1;2;16;6;9210
0;3;16;6;1854
1;3;16;6;11264
0;4;16;6;1372
1;4;16;6;11687
0;5;16;6;2815
1;5;16;6;11727
0;6;16;6;2724
1;6;16;6;12502
0;7;16;6;2208
1;7;16;6;13007
0;8;16;6;1767
1;8;16;6;14140
0;9;16;6;2658
1;9;16;6;104277
0;10;16;6;1498
1;10;16;6;157558
0;11;16;6;1404
1;11;16;6;267898
0;12;16;6;1370
1;12;16;6;253626
0;13;16;6;1394
1;13;16;6;314000
0;14;16;6;1390
1;14;16;6;401664
0;15;16;6;1374
1;15;16;6;385430
0;16;16;6;1391
1;16;16;6;549461
0;1;32;6;3683
1;1;32;6;6347
0;2;32;6;3673
1;2;32;6;10942
0;3;32;6;4108
1;3;32;6;11772
0;4;32;6;4752
1;4;32;6;12547
0;5;32;6;6273
1;5;32;6;13495
0;6;32;6;5723
1;6;32;6;13560
0;7;32;6;5538
1;7;32;6;14372
0;8;32;6;3517
1;8;32;6;15124
0;9;32;6;5791
1;9;32;6;101784
0;10;32;6;3655
1;10;32;6;166548
0;11;32;6;3662
1;11;32;6;238064
0;12;32;6;3641
1;12;32;6;249274
0;13;32;6;3662
1;13;32;6;341616
0;14;32;6;4081
1;14;32;6;392584
0;15;32;6;3658
1;15;32;6;437029
0;16;32;6;4166
1;16;32;6;443486
0;1;64;6;7694
1;1;64;6;10789
0;2;64;6;7714
1;2;64;6;14782
0;3;64;6;7299
1;3;64;6;15783
0;4;64;6;7724
1;4;64;6;15909
0;5;64;6;7481
1;5;64;6;16065
0;6;64;6;7738
1;6;64;6;17848
0;7;64;6;7501
1;7;64;6;21177
0;8;64;6;8286
1;8;64;6;19574
0;9;64;6;7546
1;9;64;6;104866
0;10;64;6;7717
1;10;64;6;245069
0;11;64;6;7738
1;11;64;6;206512
0;12;64;6;7683
1;12;64;6;249426
0;13;64;6;7971
1;13;64;6;406289
0;14;64;6;7509
1;14;64;6;307803
0;15;64;6;7693
1;15;64;6;333038
0;16;64;6;7708
1;16;64;6;460251
0;1;128;6;16304
1;1;128;6;18978
0;2;128;6;16443
1;2;128;6;23811
0;3;128;6;16138
1;3;128;6;25002
0;4;128;6;16141
1;4;128;6;23701
0;5;128;6;16332
1;5;128;6;22967
0;6;128;6;16117
1;6;128;6;24036
0;7;128;6;16150
1;7;128;6;27913
0;8;128;6;16157
1;8;128;6;65929
0;9;128;6;17845
1;9;128;6;103723
0;10;128;6;15604
1;10;128;6;156776
0;11;128;6;15699
1;11;128;6;216824
0;12;128;6;16439
1;12;128;6;275210
0;13;128;6;15860
1;13;128;6;319283
0;14;128;6;15864
1;14;128;6;418028
0;15;128;6;16180
1;15;128;6;488141
0;16;128;6;16218
1;16;128;6;401493
0;1;256;6;33614
1;1;256;6;36938
0;2;256;6;32967
1;2;256;6;44105
0;3;256;6;40620
1;3;256;6;52129
0;4;256;6;32622
1;4;256;6;40990
0;5;256;6;34414
1;5;256;6;39905
0;6;256;6;33325
1;6;256;6;40315
0;7;256;6;34699
1;7;256;6;41141
0;8;256;6;32945
1;8;256;6;45527
0;9;256;6;33853
1;9;256;6;153574
0;10;256;6;32676
1;10;256;6;170483
0;11;256;6;33353
1;11;256;6;208360
0;12;256;6;33760
1;12;256;6;272613
0;13;256;6;33615
1;13;256;6;347005
0;14;256;6;32951
1;14;256;6;344320
0;15;256;6;33005
1;15;256;6;450770
0;16;256;6;35649
1;16;256;6;382975
0;1;512;6;68687
1;1;512;6;72577
0;2;512;6;69023
1;2;512;6;81731
0;3;512;6;69934
1;3;512;6;84377
0;4;512;6;71469
1;4;512;6;73809
0;5;512;6;68179
1;5;512;6;73965
0;6;512;6;68366
1;6;512;6;71277
0;7;512;6;69797
1;7;512;6;73280
0;8;512;6;68627
1;8;512;6;124315
0;9;512;6;69438
1;9;512;6;149565
0;10;512;6;69887
1;10;512;6;184474
0;11;512;6;68309
1;11;512;6;247882
0;12;512;6;78431
1;12;512;6;263085
0;13;512;6;68264
1;13;512;6;319979
0;14;512;6;70257
1;14;512;6;381639
0;15;512;6;70031
1;15;512;6;383956
0;16;512;6;68026
1;16;512;6;442255
0;1;1024;6;139990
1;1;1024;6;149165
0;2;1024;6;139325
1;2;1024;6;155987
0;3;1024;6;142030
1;3;1024;6;173490
0;4;1024;6;139891
1;4;1024;6;145472
0;5;1024;6;140305
1;5;1024;6;144165
0;6;1024;6;141272
1;6;1024;6;151823
0;7;1024;6;131754
1;7;1024;6;142066
0;8;1024;6;138606
1;8;1024;6;159851
0;9;1024;6;144195
1;9;1024;6;216162
0;10;1024;6;141621
1;10;1024;6;242775
0;11;1024;6;143989
1;11;1024;6;294327
0;12;1024;6;140566
1;12;1024;6;331420
0;13;1024;6;145485
1;13;1024;6;364403
0;14;1024;6;144230
1;14;1024;6;361997
0;15;1024;6;139739
1;15;1024;6;420118
0;16;1024;6;140049
1;16;1024;6;457694
0;1;2048;6;289921
1;1;2048;6;298903
0;2;2048;6;285532
1;2;2048;6;326221
0;3;2048;6;277891
1;3;2048;6;321667
0;4;2048;6;306095
1;4;2048;6;288148
0;5;2048;6;282610
1;5;2048;6;303316
0;6;2048;6;275266
1;6;2048;6;278344
0;7;2048;6;299029
1;7;2048;6;274288
0;8;2048;6;276141
1;8;2048;6;471228
0;9;2048;6;276626
1;9;2048;6;362161
0;10;2048;6;290893
1;10;2048;6;368736
0;11;2048;6;293270
1;11;2048;6;438885
0;12;2048;6;289844
1;12;2048;6;471004
0;13;2048;6;292476
1;13;2048;6;543479
0;14;2048;6;291578
1;14;2048;6;498037
0;15;2048;6;297082
1;15;2048;6;534053
0;16;2048;6;288600
1;16;2048;6;555806
0;1;4096;6;598193
1;1;4096;6;592789
0;2;4096;6;603649
1;2;4096;6;607040
0;3;4096;6;598025
1;3;4096;6;636135
0;4;4096;6;592642
1;4;4096;6;590317
0;5;4096;6;600082
1;5;4096;6;610563
0;6;4096;6;635217
1;6;4096;6;550904
0;7;4096;6;602292
1;7;4096;6;528031
0;8;4096;6;585863
1;8;4096;6;783860
0;9;4096;6;603804
1;9;4096;6;681275
0;10;4096;6;595297
1;10;4096;6;674128
0;11;4096;6;594533
1;11;4096;6;691117
0;12;4096;6;601884
1;12;4096;6;721913
0;13;4096;6;617846
1;13;4096;6;839099
0;14;4096;6;594464
1;14;4096;6;883832
0;15;4096;6;590107
1;15;4096;6;864499
0;16;4096;6;594643
1;16;4096;6;873235
0;1;8192;6;1223816
1;1;8192;6;1241937
0;2;8192;6;1188571
1;2;8192;6;1264980
0;3;8192;6;1207376
1;3;8192;6;1284962
0;4;8192;6;1229822
1;4;8192;6;1178222
0;5;8192;6;1220016
1;5;8192;6;1149526
0;6;8192;6;1208809
1;6;8192;6;1118667
0;7;8192;6;1211639
1;7;8192;6;1091689
0;8;8192;6;1288149
1;8;8192;6;1406287
0;9;8192;6;1207991
1;9;8192;6;1191994
0;10;8192;6;1270906
1;10;8192;6;1330286
0;11;8192;6;1217823
1;11;8192;6;1284133
0;12;8192;6;1235328
1;12;8192;6;1330440
0;13;8192;6;1208237
1;13;8192;6;1368448
0;14;8192;6;1254770
1;14;8192;6;1368760
0;15;8192;6;1227438
1;15;8192;6;1399319
0;16;8192;6;1264881
1;16;8192;6;1527016
0;1;16384;6;2477259
1;1;16384;6;2513534
0;2;16384;6;2473357
1;2;16384;6;2485148
0;3;16384;6;2466241
1;3;16384;6;2525401
0;4;16384;6;2483667
1;4;16384;6;2328274
0;5;16384;6;2492163
1;5;16384;6;2232140
0;6;16384;6;2499859
1;6;16384;6;2214651
0;7;16384;6;2507954
1;7;16384;6;2110267
0;8;16384;6;2441610
1;8;16384;6;2731712
0;9;16384;6;2474511
1;9;16384;6;2319593
0;10;16384;6;2555215
1;10;16384;6;2321286
0;11;16384;6;2506173
1;11;16384;6;2466936
0;12;16384;6;2501553
1;12;16384;6;2475532
0;13;16384;6;2477445
1;13;16384;6;2437515
0;14;16384;6;2501977
1;14;16384;6;2459813
0;15;16384;6;2507528
1;15;16384;6;2442130
0;16;16384;6;2504227
1;16;16384;6;2639252
0;1;32768;6;5042826
1;1;32768;6;5063833
0;2;32768;6;5038873
1;2;32768;6;4942236
0;3;32768;6;5160560
1;3;32768;6;5273877
0;4;32768;6;5090799
1;4;32768;6;4624033
0;5;32768;6;5046956
1;5;32768;6;4588196
0;6;32768;6;5085262
1;6;32768;6;4564873
0;7;32768;6;5086812
1;7;32768;6;5060116
0;8;32768;6;5038005
1;8;32768;6;5023540
0;9;32768;6;5013388
1;9;32768;6;5068607
0;10;32768;6;5067775
1;10;32768;6;4987949
0;11;32768;6;5084724
1;11;32768;6;4948534
0;12;32768;6;5086785
1;12;32768;6;4867742
0;13;32768;6;5044802
1;13;32768;6;4937311
0;14;32768;6;5057980
1;14;32768;6;5111628
0;15;32768;6;5089044
1;15;32768;6;5089731
0;16;32768;6;5103076
1;16;32768;6;4980478
0;1;65536;6;10226133
1;1;65536;6;10194050
0;2;65536;6;10176614
1;2;65536;6;10364029
0;3;65536;6;10191831
1;3;65536;6;10486272
0;4;65536;6;10229079
1;4;65536;6;9396666
0;5;65536;6;10222156
1;5;65536;6;9382597
0;6;65536;6;10265484
1;6;65536;6;9011973
0;7;65536;6;10273958
1;7;65536;6;9222949
0;8;65536;6;10254007
1;8;65536;6;10305360
0;9;65536;6;10187458
1;9;65536;6;10522858
0;10;65536;6;10277145
1;10;65536;6;9763142
0;11;65536;6;10219186
1;11;65536;6;10256534
0;12;65536;6;10186607
1;12;65536;6;10342938
0;13;65536;6;10131192
1;13;65536;6;10621445
0;14;65536;6;10265581
1;14;65536;6;10566071
0;15;65536;6;10384917
1;15;65536;6;10873934
0;16;65536;6;10186008
1;16;65536;6;10833946
0;1;131072;6;20723663
1;1;131072;6;20761085
0;2;131072;6;20762170
1;2;131072;6;20281850
0;3;131072;6;20789926
1;3;131072;6;20522922
0;4;131072;6;20825724
1;4;131072;6;18840846
0;5;131072;6;20826877
1;5;131072;6;18849537
0;6;131072;6;21116402
1;6;131072;6;18251474
0;7;131072;6;20893608
1;7;131072;6;20087662
0;8;131072;6;20871374
1;8;131072;6;21037655
0;9;131072;6;20790890
1;9;131072;6;22087141
0;10;131072;6;20999151
1;10;131072;6;22198065
0;11;131072;6;21058875
1;11;131072;6;24734747
0;12;131072;6;20780690
1;12;131072;6;22962527
0;13;131072;6;20818293
1;13;131072;6;24339722
0;14;131072;6;21126174
1;14;131072;6;24718460
0;15;131072;6;20762661
1;15;131072;6;22895630
0;16;131072;6;20842366
1;16;131072;6;22780081
0;1;2;7;63
1;1;2;7;4034
0;2;2;7;101
1;2;2;7;7495
0;3;2;7;63
1;3;2;7;10026
0;4;2;7;66
1;4;2;7;9935
0;5;2;7;98
1;5;2;7;9615
0;6;2;7;67
1;6;2;7;10737
0;7;2;7;110
1;7;2;7;12438
0;8;2;7;72
1;8;2;7;12170
0;9;2;7;69
1;9;2;7;100784
0;10;2;7;105
1;10;2;7;258965
0;11;2;7;116
1;11;2;7;231820
0;12;2;7;76
1;12;2;7;289349
0;13;2;7;98
1;13;2;7;249018
0;14;2;7;69
1;14;2;7;361180
0;15;2;7;101
1;15;2;7;307067
0;16;2;7;72
1;16;2;7;301491
0;1;4;7;292
1;1;4;7;3449
0;2;4;7;271
1;2;4;7;9214
0;3;4;7;264
1;3;4;7;10455
0;4;4;7;436
1;4;4;7;10361
0;5;4;7;450
1;5;4;7;10746
0;6;4;7;244
1;6;4;7;11261
0;7;4;7;252
1;7;4;7;11953
0;8;4;7;264
1;8;4;7;13261
0;9;4;7;237
1;9;4;7;101907
0;10;4;7;266
1;10;4;7;177574
0;11;4;7;247
1;11;4;7;197223
0;12;4;7;242
1;12;4;7;323885
0;13;4;7;266
1;13;4;7;358217
0;14;4;7;894
1;14;4;7;396168
0;15;4;7;247
1;15;4;7;399891
0;16;4;7;276
1;16;4;7;374891
0;1;8;7;628
1;1;8;7;3999
0;2;8;7;626
1;2;8;7;8002
0;3;8;7;955
1;3;8;7;10482
0;4;8;7;607
1;4;8;7;11173
0;5;8;7;1867
1;5;8;7;11849
0;6;8;7;937
1;6;8;7;13035
0;7;8;7;623
1;7;8;7;12747
0;8;8;7;1030
1;8;8;7;17377
0;9;8;7;1610
1;9;8;7;102443
0;10;8;7;604
1;10;8;7;150541
0;11;8;7;627
1;11;8;7;219258
0;12;8;7;640
1;12;8;7;324466
0;13;8;7;604
1;13;8;7;387729
0;14;8;7;621
1;14;8;7;446859
0;15;8;7;624
1;15;8;7;440243
0;16;8;7;628
1;16;8;7;530403
0;1;16;7;1431
1;1;16;7;5071
0;2;16;7;1518
1;2;16;7;10466
0;3;16;7;2071
1;3;16;7;10903
0;4;16;7;2769
1;4;16;7;11382
0;5;16;7;2771
1;5;16;7;12303
0;6;16;7;3183
1;6;16;7;12018
0;7;16;7;1859
1;7;16;7;13366
0;8;16;7;1845
1;8;16;7;13998
0;9;16;7;2774
1;9;16;7;107403
0;10;16;7;1408
1;10;16;7;159678
0;11;16;7;1408
1;11;16;7;297901
0;12;16;7;1412
1;12;16;7;275053
0;13;16;7;1923
1;13;16;7;387092
0;14;16;7;1544
1;14;16;7;466197
0;15;16;7;1940
1;15;16;7;360288
0;16;16;7;1501
1;16;16;7;530674
0;1;32;7;3485
1;1;32;7;6391
0;2;32;7;3662
1;2;32;7;11153
0;3;32;7;3525
1;3;32;7;12031
0;4;32;7;3959
1;4;32;7;12987
0;5;32;7;3633
1;5;32;7;12785
0;6;32;7;4087
1;6;32;7;13449
0;7;32;7;3688
1;7;32;7;14435
0;8;32;7;3654
1;8;32;7;14846
0;9;32;7;3655
1;9;32;7;103123
0;10;32;7;3586
1;10;32;7;186969
0;11;32;7;3825
1;11;32;7;255071
0;12;32;7;3681
1;12;32;7;257358
0;13;32;7;3658
1;13;32;7;274997
0;14;32;7;3619
1;14;32;7;396948
0;15;32;7;3634
1;15;32;7;396758
0;16;32;7;4101
1;16;32;7;598742
0;1;64;7;7700
1;1;64;7;10391
0;2;64;7;7513
1;2;64;7;15690
0;3;64;7;7758
1;3;64;7;15696
0;4;64;7;7983
1;4;64;7;15569
0;5;64;7;7821
1;5;64;7;16945
0;6;64;7;8064
1;6;64;7;16762
0;7;64;7;7702
1;7;64;7;18859
0;8;64;7;7765
1;8;64;7;58781
0;9;64;7;9076
1;9;64;7;114177
0;10;64;7;7510
1;10;64;7;156098
0;11;64;7;7471
1;11;64;7;196053
0;12;64;7;7743
1;12;64;7;272214
0;13;64;7;7478
1;13;64;7;351061
0;14;64;7;7751
1;14;64;7;361204
0;15;64;7;7910
1;15;64;7;466355
0;16;64;7;7753
1;16;64;7;470177
0;1;128;7;15756
1;1;128;7;18974
0;2;128;7;15597
1;2;128;7;23879
0;3;128;7;16203
1;3;128;7;24279
0;4;128;7;15994
1;4;128;7;25554
0;5;128;7;15674
1;5;128;7;23887
0;6;128;7;20889
1;6;128;7;24283
0;7;128;7;16304
1;7;128;7;25792
0;8;128;7;16202
1;8;128;7;28044
0;9;128;7;16207
1;9;128;7;102686
0;10;128;7;15698
1;10;128;7;155594
0;11;128;7;16346
1;11;128;7;311471
0;12;128;7;16298
1;12;128;7;249004
0;13;128;7;16182
1;13;128;7;305837
0;14;128;7;15669
1;14;128;7;380398
0;15;128;7;16309
1;15;128;7;435774
0;16;128;7;16096
1;16;128;7;572642
0;1;256;7;33860
1;1;256;7;36597
0;2;256;7;33865
1;2;256;7;43039
0;3;256;7;33538
1;3;256;7;43847
0;4;256;7;34490
1;4;256;7;40750
0;5;256;7;33588
1;5;256;7;41487
0;6;256;7;34199
1;6;256;7;40829
0;7;256;7;33967
1;7;256;7;46917
0;8;256;7;33750
1;8;256;7;82785
0;9;256;7;33456
1;9;256;7;115947
0;10;256;7;32663
1;10;256;7;152641
0;11;256;7;34744
1;11;256;7;207086
0;12;256;7;32861
1;12;256;7;332713
0;13;256;7;33544
1;13;256;7;314871
0;14;256;7;33955
1;14;256;7;338778
0;15;256;7;33831
1;15;256;7;374844
0;16;256;7;32712
1;16;256;7;406769
0;1;512;7;70669
1;1;512;7;72695
0;2;512;7;70201
1;2;512;7;82021
0;3;512;7;69995
1;3;512;7;80590
0;4;512;7;70404
1;4;512;7;76733
0;5;512;7;68708
1;5;512;7;78607
0;6;512;7;69187
1;6;512;7;76275
0;7;512;7;68492
1;7;512;7;86574
0;8;512;7;69888
1;8;512;7;90996
0;9;512;7;65471
1;9;512;7;147438
0;10;512;7;69081
1;10;512;7;183707
0;11;512;7;69571
1;11;512;7;267916
0;12;512;7;71541
1;12;512;7;260369
0;13;512;7;70227
1;13;512;7;314292
0;14;512;7;70349
1;14;512;7;372245
0;15;512;7;67657
1;15;512;7;367549
0;16;512;7;70383
1;16;512;7;458978
0;1;1024;7;142434
1;1;1024;7;147221
0;2;1024;7;137580
1;2;1024;7;161553
0;3;1024;7;161408
1;3;1024;7;165250
0;4;1024;7;141229
1;4;1024;7;146814
0;5;1024;7;140433
1;5;1024;7;141049
0;6;1024;7;158330
1;6;1024;7;146990
0;7;1024;7;136204
1;7;1024;7;137806
0;8;1024;7;135203
1;8;1024;7;195468
0;9;1024;7;130981
1;9;1024;7;227749
0;10;1024;7;139302
1;10;1024;7;267654
0;11;1024;7;143131
1;11;1024;7;275223
0;12;1024;7;140129
1;12;1024;7;318831
0;13;1024;7;140104
1;13;1024;7;347351
0;14;1024;7;140577
1;14;1024;7;495517
0;15;1024;7;142636
1;15;1024;7;408878
0;16;1024;7;166984
1;16;1024;7;468754
0;1;2048;7;288862
1;1;2048;7;303946
0;2;2048;7;301499
1;2;2048;7;321405
0;3;2048;7;291371
1;3;2048;7;342254
0;4;2048;7;278588
1;4;2048;7;287224
0;5;2048;7;313203
1;5;2048;7;284691
0;6;2048;7;280143
1;6;2048;7;280760
0;7;2048;7;282272
1;7;2048;7;271753
0;8;2048;7;290909
1;8;2048;7;351681
0;9;2048;7;274877
1;9;2048;7;382955
0;10;2048;7;280441
1;10;2048;7;363876
0;11;2048;7;320789
1;11;2048;7;398048
0;12;2048;7;288302
1;12;2048;7;455892
0;13;2048;7;288959
1;13;2048;7;489169
0;14;2048;7;297033
1;14;2048;7;492365
0;15;2048;7;301666
1;15;2048;7;533802
0;16;2048;7;288447
1;16;2048;7;549173
0;1;4096;7;606821
1;1;4096;7;583252
0;2;4096;7;623898
1;2;4096;7;623826
0;3;4096;7;572851
1;3;4096;7;656819
0;4;4096;7;571410
1;4;4096;7;591290
0;5;4096;7;617870
1;5;4096;7;563984
0;6;4096;7;606691
1;6;4096;7;561902
0;7;4096;7;623156
1;7;4096;7;543029
0;8;4096;7;566529
1;8;4096;7;753508
0;9;4096;7;601735
1;9;4096;7;690076
0;10;4096;7;600709
1;10;4096;7;704785
0;11;4096;7;592994
1;11;4096;7;684297
0;12;4096;7;614540
1;12;4096;7;736832
0;13;4096;7;612837
1;13;4096;7;766940
0;14;4096;7;592444
1;14;4096;7;819543
0;15;4096;7;593499
1;15;4096;7;818748
0;16;4096;7;597343
1;16;4096;7;904862
0;1;8192;7;1227285
1;1;8192;7;1251799
0;2;8192;7;1226445
1;2;8192;7;1257817
0;3;8192;7;1229063
1;3;8192;7;1298888
0;4;8192;7;1211682
1;4;8192;7;1180420
0;5;8192;7;1237220
1;5;8192;7;1153337
0;6;8192;7;1230937
1;6;8192;7;1124239
0;7;8192;7;1259031
1;7;8192;7;1236626
0;8;8192;7;1245222
1;8;8192;7;1402940
0;9;8192;7;1233976
1;9;8192;7;1256462
0;10;8192;7;1229006
1;10;8192;7;1379278
0;11;8192;7;1248008
1;11;8192;7;1287620
0;12;8192;7;1197582
1;12;8192;7;1353324
0;13;8192;7;1223464
1;13;8192;7;1314083
0;14;8192;7;1272128
1;14;8192;7;1372383
0;15;8192;7;1231345
1;15;8192;7;1483806
0;16;8192;7;1229944
1;16;8192;7;1411315
0;1;16384;7;2476634
1;1;16384;7;2522921
0;2;16384;7;2459699
1;2;16384;7;2549817
0;3;16384;7;2485537
1;3;16384;7;2449215
0;4;16384;7;2490014
1;4;16384;7;2264336
0;5;16384;7;2481738
1;5;16384;7;2207558
0;6;16384;7;2476325
1;6;16384;7;2210000
0;7;16384;7;2475187
1;7;16384;7;2439836
0;8;16384;7;2475398
1;8;16384;7;2542100
0;9;16384;7;2471323
1;9;16384;7;2465703
0;10;16384;7;2487195
1;10;16384;7;2337404
0;11;16384;7;2469216
1;11;16384;7;2556559
0;12;16384;7;2494585
1;12;16384;7;2527963
0;13;16384;7;2472399
1;13;16384;7;2477843
0;14;16384;7;2488306
1;14;16384;7;2432028
0;15;16384;7;2476834
1;15;16384;7;2463679
0;16;16384;7;2524069
1;16;16384;7;2474499
0;1;32768;7;5054520
1;1;32768;7;5091028
0;2;32768;7;5077035
1;2;32768;7;5016254
0;3;32768;7;5127248
1;3;32768;7;5204230
0;4;32768;7;5080541
1;4;32768;7;4711285
0;5;32768;7;5071177
1;5;32768;7;4622969
0;6;32768;7;5071111
1;6;32768;7;4584554
0;7;32768;7;5092786
1;7;32768;7;4422328
0;8;32768;7;5082840
1;8;32768;7;5207601
0;9;32768;7;5084530
1;9;32768;7;5276778
0;10;32768;7;5047299
1;10;32768;7;5007021
0;11;32768;7;5081330
1;11;32768;7;4800272
0;12;32768;7;5050601
1;12;32768;7;5028040
0;13;32768;7;5060878
1;13;32768;7;4896914
0;14;32768;7;5079943
1;14;32768;7;4623555
0;15;32768;7;5062178
1;15;32768;7;4748599
0;16;32768;7;5042597
1;16;32768;7;4836727
0;1;65536;7;10189401
1;1;65536;7;10198423
0;2;65536;7;10218766
1;2;65536;7;10117479
0;3;65536;7;10214322
1;3;65536;7;10490122
0;4;65536;7;10176087
1;4;65536;7;9215478
0;5;65536;7;10309217
1;5;65536;7;9397834
0;6;65536;7;10159379
1;6;65536;7;9017507
0;7;65536;7;10146803
1;7;65536;7;9115852
0;8;65536;7;10250899
1;8;65536;7;10347565
0;9;65536;7;10292945
1;9;65536;7;10796695
0;10;65536;7;10209794
1;10;65536;7;10095898
0;11;65536;7;10154809
1;11;65536;7;10771505
0;12;65536;7;10161754
1;12;65536;7;10432175
0;13;65536;7;10247829
1;13;65536;7;10831098
0;14;65536;7;10169325
1;14;65536;7;10587856
0;15;65536;7;10224127
1;15;65536;7;10699856
0;16;65536;7;10292762
1;16;65536;7;10731595
0;1;131072;7;20826214
1;1;131072;7;20780145
0;2;131072;7;20783990
1;2;131072;7;20374612
0;3;131072;7;20823706
1;3;131072;7;20493456
0;4;131072;7;20817871
1;4;131072;7;18730113
0;5;131072;7;20785260
1;5;131072;7;18876319
0;6;131072;7;20942414
1;6;131072;7;18332258
0;7;131072;7;20990029
1;7;131072;7;20917008
0;8;131072;7;20926232
1;8;131072;7;20260465
0;9;131072;7;20794313
1;9;131072;7;22221030
0;10;131072;7;20805926
1;10;131072;7;22140057
0;11;131072;7;22322210
1;11;131072;7;23297834
0;12;131072;7;20849142
1;12;131072;7;23421632
0;13;131072;7;20868031
1;13;131072;7;24322273
0;14;131072;7;20828531
1;14;131072;7;26355187
0;15;131072;7;20935209
1;15;131072;7;25161461
0;16;131072;7;21113242
1;16;131072;7;24032701
0;1;2;8;86
1;1;2;8;3362
0;2;2;8;86
1;2;2;8;9065
0;3;2;8;80
1;3;2;8;10622
0;4;2;8;84
1;4;2;8;15423
0;5;2;8;77
1;5;2;8;12079
0;6;2;8;78
1;6;2;8;13619
0;7;2;8;144
1;7;2;8;14569
0;8;2;8;82
1;8;2;8;15236
0;9;2;8;81
1;9;2;8;141511
0;10;2;8;77
1;10;2;8;250287
0;11;2;8;118
1;11;2;8;321397
0;12;2;8;84
1;12;2;8;290576
0;13;2;8;75
1;13;2;8;381291
0;14;2;8;78
1;14;2;8;379395
0;15;2;8;97
1;15;2;8;451407
0;16;2;8;75
1;16;2;8;505313
0;1;4;8;265
1;1;4;8;3446
0;2;4;8;427
1;2;4;8;9354
0;3;4;8;240
1;3;4;8;10495
0;4;4;8;444
1;4;4;8;9984
0;5;4;8;266
1;5;4;8;10776
0;6;4;8;282
1;6;4;8;11419
0;7;4;8;283
1;7;4;8;18367
0;8;4;8;260
1;8;4;8;51536
0;9;4;8;749
1;9;4;8;170169
0;10;4;8;246
1;10;4;8;155689
0;11;4;8;241
1;11;4;8;210136
0;12;4;8;243
1;12;4;8;364046
0;13;4;8;243
1;13;4;8;333635
0;14;4;8;280
1;14;4;8;375900
0;15;4;8;248
1;15;4;8;373005
0;16;4;8;260
1;16;4;8;399835
0;1;8;8;633
1;1;8;8;3996
0;2;8;8;623
1;2;8;8;7700
0;3;8;8;597
1;3;8;8;9992
0;4;8;8;620
1;4;8;8;11783
0;5;8;8;616
1;5;8;8;10891
0;6;8;8;636
1;6;8;8;11663
0;7;8;8;1604
1;7;8;8;15445
0;8;8;8;1064
1;8;8;8;13907
0;9;8;8;1153
1;9;8;8;132035
0;10;8;8;642
1;10;8;8;152239
0;11;8;8;613
1;11;8;8;291543
0;12;8;8;620
1;12;8;8;258064
0;13;8;8;625
1;13;8;8;390113
0;14;8;8;622
1;14;8;8;408543
0;15;8;8;622
1;15;8;8;334880
0;16;8;8;637
1;16;8;8;430692
0;1;16;8;1412
1;1;16;8;5096
0;2;16;8;1432
1;2;16;8;9764
0;3;16;8;1410
1;3;16;8;11947
0;4;16;8;1748
1;4;16;8;11390
0;5;16;8;1479
1;5;16;8;11197
0;6;16;8;1578
1;6;16;8;13269
0;7;16;8;1472
1;7;16;8;13412
0;8;16;8;2276
1;8;16;8;13863
0;9;16;8;1417
1;9;16;8;101254
0;10;16;8;1388
1;10;16;8;262079
0;11;16;8;1505
1;11;16;8;212919
0;12;16;8;1370
1;12;16;8;245846
0;13;16;8;1382
1;13;16;8;372671
0;14;16;8;1408
1;14;16;8;414028
0;15;16;8;1371
1;15;16;8;333591
0;16;16;8;1393
1;16;16;8;451653
0;1;32;8;3650
1;1;32;8;7003
0;2;32;8;3656
1;2;32;8;11816
0;3;32;8;3566
1;3;32;8;12789
0;4;32;8;4061
1;4;32;8;12739
0;5;32;8;4467
1;5;32;8;12964
0;6;32;8;4492
1;6;32;8;14306
0;7;32;8;3440
1;7;32;8;15473
0;8;32;8;3650
1;8;32;8;14902
0;9;32;8;5690
1;9;32;8;117015
0;10;32;8;6251
1;10;32;8;206468
0;11;32;8;3717
1;11;32;8;208875
0;12;32;8;3704
1;12;32;8;259822
0;13;32;8;3521
1;13;32;8;413375
0;14;32;8;4539
1;14;32;8;384499
0;15;32;8;3802
1;15;32;8;369388
0;16;32;8;3652
1;16;32;8;464614
0;1;64;8;7748
1;1;64;8;10860
0;2;64;8;9379
1;2;64;8;16421
0;3;64;8;8403
1;3;64;8;15481
0;4;64;8;8460
1;4;64;8;16350
0;5;64;8;8861
1;5;64;8;16534
0;6;64;8;9007
1;6;64;8;16837
0;7;64;8;9440
1;7;64;8;18765
0;8;64;8;9008
1;8;64;8;66218
0;9;64;8;10025
1;9;64;8;100499
0;10;64;8;7871
1;10;64;8;152712
0;11;64;8;7710
1;11;64;8;211508
0;12;64;8;7706
1;12;64;8;293958
0;13;64;8;8018
1;13;64;8;357892
0;14;64;8;8878
1;14;64;8;446349
0;15;64;8;8129
1;15;64;8;488528
0;16;64;8;7701
1;16;64;8;452294
0;1;128;8;17922
1;1;128;8;19466
0;2;128;8;16393
1;2;128;8;27666
0;3;128;8;25426
1;3;128;8;27660
0;4;128;8;18113
1;4;128;8;24953
0;5;128;8;19444
1;5;128;8;23650
0;6;128;8;16833
1;6;128;8;25029
0;7;128;8;19515
1;7;128;8;24329
0;8;128;8;16288
1;8;128;8;39422
0;9;128;8;16644
1;9;128;8;100530
0;10;128;8;16208
1;10;128;8;167877
0;11;128;8;28778
1;11;128;8;243986
0;12;128;8;15671
1;12;128;8;253180
0;13;128;8;15869
1;13;128;8;313417
0;14;128;8;15797
1;14;128;8;365588
0;15;128;8;15716
1;15;128;8;354676
0;16;128;8;16154
1;16;128;8;441773
0;1;256;8;33475
1;1;256;8;38139
0;2;256;8;34477
1;2;256;8;40995
0;3;256;8;33158
1;3;256;8;42880
0;4;256;8;31562
1;4;256;8;44162
0;5;256;8;39338
1;5;256;8;40808
0;6;256;8;32405
1;6;256;8;40828
0;7;256;8;34181
1;7;256;8;40787
0;8;256;8;33534
1;8;256;8;84243
0;9;256;8;35657
1;9;256;8;152225
0;10;256;8;32529
1;10;256;8;153492
0;11;256;8;33988
1;11;256;8;212590
0;12;256;8;33665
1;12;256;8;323463
0;13;256;8;33954
1;13;256;8;321832
0;14;256;8;33931
1;14;256;8;363351
0;15;256;8;36574
1;15;256;8;422909
0;16;256;8;34001
1;16;256;8;377150
0;1;512;8;68259
1;1;512;8;72861
0;2;512;8;70321
1;2;512;8;80822
0;3;512;8;67839
1;3;512;8;82077
0;4;512;8;69553
1;4;512;8;75968
0;5;512;8;69840
1;5;512;8;76998
0;6;512;8;67525
1;6;512;8;72400
0;7;512;8;71919
1;7;512;8;92193
0;8;512;8;68258
1;8;512;8;88532
0;9;512;8;69825
1;9;512;8;158055
0;10;512;8;69382
1;10;512;8;187396
0;11;512;8;94347
1;11;512;8;248576
0;12;512;8;68429
1;12;512;8;269469
0;13;512;8;70029
1;13;512;8;330078
0;14;512;8;75432
1;14;512;8;359981
0;15;512;8;67748
1;15;512;8;468793
0;16;512;8;68276
1;16;512;8;392161
0;1;1024;8;142545
1;1;1024;8;141178
0;2;1024;8;143886
1;2;1024;8;164266
0;3;1024;8;131120
1;3;1024;8;155956
0;4;1024;8;140375
1;4;1024;8;141665
0;5;1024;8;135220
1;5;1024;8;151493
0;6;1024;8;139473
1;6;1024;8;141509
0;7;1024;8;139303
1;7;1024;8;146276
0;8;1024;8;139294
1;8;1024;8;345448
0;9;1024;8;133536
1;9;1024;8;212951
0;10;1024;8;139655
1;10;1024;8;260062
0;11;1024;8;150426
1;11;1024;8;279153
0;12;1024;8;141825
1;12;1024;8;318664
0;13;1024;8;150111
1;13;1024;8;346471
0;14;1024;8;139648
1;14;1024;8;388875
0;15;1024;8;147185
1;15;1024;8;415415
0;16;1024;8;141757
1;16;1024;8;465648
0;1;2048;8;532716
1;1;2048;8;528896
0;2;2048;8;283671
1;2;2048;8;304132
0;3;2048;8;305055
1;3;2048;8;314337
0;4;2048;8;279212
1;4;2048;8;302588
0;5;2048;8;279933
1;5;2048;8;283028
0;6;2048;8;335926
1;6;2048;8;271564
0;7;2048;8;281907
1;7;2048;8;269146
0;8;2048;8;315375
1;8;2048;8;313430
0;9;2048;8;283786
1;9;2048;8;366123
0;10;2048;8;289304
1;10;2048;8;384294
0;11;2048;8;300129
1;11;2048;8;424152
0;12;2048;8;289868
1;12;2048;8;431439
0;13;2048;8;290619
1;13;2048;8;525919
0;14;2048;8;289630
1;14;2048;8;604495
0;15;2048;8;291044
1;15;2048;8;577009
0;16;2048;8;287802
1;16;2048;8;569473
0;1;4096;8;600945
1;1;4096;8;612844
0;2;4096;8;586508
1;2;4096;8;652266
0;3;4096;8;620161
1;3;4096;8;624714
0;4;4096;8;619404
1;4;4096;8;587325
0;5;4096;8;579703
1;5;4096;8;579042
0;6;4096;8;570227
1;6;4096;8;554795
0;7;4096;8;605434
1;7;4096;8;536977
0;8;4096;8;596903
1;8;4096;8;620391
0;9;4096;8;583342
1;9;4096;8;680071
0;10;4096;8;592493
1;10;4096;8;641660
0;11;4096;8;602319
1;11;4096;8;666602
0;12;4096;8;603777
1;12;4096;8;717195
0;13;4096;8;604643
1;13;4096;8;758140
0;14;4096;8;598697
1;14;4096;8;913412
0;15;4096;8;588770
1;15;4096;8;874755
0;16;4096;8;593839
1;16;4096;8;931989
0;1;8192;8;1249249
1;1;8192;8;1236402
0;2;8192;8;1214016
1;2;8192;8;1326902
0;3;8192;8;1259746
1;3;8192;8;1305590
0;4;8192;8;1238164
1;4;8192;8;1184344
0;5;8192;8;1254070
1;5;8192;8;1139179
0;6;8192;8;1262530
1;6;8192;8;1143111
0;7;8192;8;1221977
1;7;8192;8;1074201
0;8;8192;8;1219317
1;8;8192;8;1238604
0;9;8192;8;1273301
1;9;8192;8;1153700
0;10;8192;8;1250520
1;10;8192;8;1262839
0;11;8192;8;1257789
1;11;8192;8;1263856
0;12;8192;8;1237496
1;12;8192;8;1371405
0;13;8192;8;1230793
1;13;8192;8;1429689
0;14;8192;8;1242066
1;14;8192;8;1385756
0;15;8192;8;1212576
1;15;8192;8;1431934
0;16;8192;8;1243790
1;16;8192;8;1429680
0;1;16384;8;2464561
1;1;16384;8;2573428
0;2;16384;8;2525607
1;2;16384;8;2546312
0;3;16384;8;2517266
1;3;16384;8;2508507
0;4;16384;8;2483163
1;4;16384;8;2355645
0;5;16384;8;2492154
1;5;16384;8;2294499
0;6;16384;8;2511881
1;6;16384;8;2191752
0;7;16384;8;2557920
1;7;16384;8;2156400
0;8;16384;8;2505880
1;8;16384;8;2629343
0;9;16384;8;2515827
1;9;16384;8;2484090
0;10;16384;8;2478148
1;10;16384;8;2382959
0;11;16384;8;2514680
1;11;16384;8;2494442
0;12;16384;8;2492378
1;12;16384;8;2502535
0;13;16384;8;2491765
1;13;16384;8;2476593
0;14;16384;8;2483600
1;14;16384;8;2478697
0;15;16384;8;2495225
1;15;16384;8;2544038
0;16;16384;8;2505622
1;16;16384;8;2435592
0;1;32768;8;5098925
1;1;32768;8;5111968
0;2;32768;8;5072648
1;2;32768;8;5270952
0;3;32768;8;5129374
1;3;32768;8;5180395
0;4;32768;8;5061219
1;4;32768;8;4797990
0;5;32768;8;5072494
1;5;32768;8;4741633
0;6;32768;8;5219121
1;6;32768;8;4547873
0;7;32768;8;5171790
1;7;32768;8;4975535
0;8;32768;8;5052880
1;8;32768;8;5020098
0;9;32768;8;5066192
1;9;32768;8;5122255
0;10;32768;8;5091665
1;10;32768;8;5065459
0;11;32768;8;5108931
1;11;32768;8;5372863
0;12;32768;8;5112299
1;12;32768;8;4898245
0;13;32768;8;5098737
1;13;32768;8;4956614
0;14;32768;8;5056116
1;14;32768;8;5112600
0;15;32768;8;5135185
1;15;32768;8;4900620
0;16;32768;8;5057051
1;16;32768;8;4676743
0;1;65536;8;10178457
1;1;65536;8;10221344
0;2;65536;8;10419348
1;2;65536;8;9939168
0;3;65536;8;10154397
1;3;65536;8;10245723
0;4;65536;8;10260875
1;4;65536;8;9328984
0;5;65536;8;10160423
1;5;65536;8;9436679
0;6;65536;8;10192057
1;6;65536;8;9185201
0;7;65536;8;10241927
1;7;65536;8;8789949
0;8;65536;8;10199472
1;8;65536;8;10163003
0;9;65536;8;10274847
1;9;65536;8;10328945
0;10;65536;8;10129478
1;10;65536;8;10515794
0;11;65536;8;10213075
1;11;65536;8;10753538
0;12;65536;8;10226194
1;12;65536;8;10574081
0;13;65536;8;10099844
1;13;65536;8;10766865
0;14;65536;8;10143955
1;14;65536;8;10792575
0;15;65536;8;10226701
1;15;65536;8;10492626
0;16;65536;8;10100514
1;16;65536;8;10879861
0;1;131072;8;21220222
1;1;131072;8;21115025
0;2;131072;8;20712419
1;2;131072;8;20595665
0;3;131072;8;20852041
1;3;131072;8;21152385
0;4;131072;8;20793623
1;4;131072;8;18466373
0;5;131072;8;20835564
1;5;131072;8;18572261
0;6;131072;8;20811262
1;6;131072;8;18282703
0;7;131072;8;20823039
1;7;131072;8;20591781
0;8;131072;8;21197437
1;8;131072;8;20949429
0;9;131072;8;20781048
1;9;131072;8;22277996
0;10;131072;8;20839609
1;10;131072;8;22384528
0;11;131072;8;20836840
1;11;131072;8;23452575
0;12;131072;8;20881029
1;12;131072;8;28482947
0;13;131072;8;20964328
1;13;131072;8;23589337
0;14;131072;8;20802999
1;14;131072;8;25707796
0;15;131072;8;20827329
1;15;131072;8;22797212
0;16;131072;8;20823655
1;16;131072;8;23157930
0;1;2;9;105
1;1;2;9;3509
0;2;2;9;61
1;2;2;9;8702
0;3;2;9;64
1;3;2;9;8973
0;4;2;9;65
1;4;2;9;10665
0;5;2;9;104
1;5;2;9;10630
0;6;2;9;64
1;6;2;9;13609
0;7;2;9;70
1;7;2;9;12075
0;8;2;9;87
1;8;2;9;48997
0;9;2;9;69
1;9;2;9;110528
0;10;2;9;105
1;10;2;9;168901
0;11;2;9;66
1;11;2;9;292150
0;12;2;9;70
1;12;2;9;259046
0;13;2;9;74
1;13;2;9;328633
0;14;2;9;70
1;14;2;9;354745
0;15;2;9;68
1;15;2;9;314064
0;16;2;9;71
1;16;2;9;285542
0;1;4;9;244
1;1;4;9;3479
0;2;4;9;245
1;2;4;9;8994
0;3;4;9;243
1;3;4;9;10149
0;4;4;9;249
1;4;4;9;10347
0;5;4;9;241
1;5;4;9;10826
0;6;4;9;492
1;6;4;9;11694
0;7;4;9;246
1;7;4;9;12451
0;8;4;9;305
1;8;4;9;13203
0;9;4;9;290
1;9;4;9;117574
0;10;4;9;447
1;10;4;9;163989
0;11;4;9;256
1;11;4;9;168735
0;12;4;9;287
1;12;4;9;292446
0;13;4;9;249
1;13;4;9;355538
0;14;4;9;253
1;14;4;9;422405
0;15;4;9;269
1;15;4;9;461538
0;16;4;9;249
1;16;4;9;268294
0;1;8;9;622
1;1;8;9;4004
0;2;8;9;627
1;2;8;9;8128
0;3;8;9;621
1;3;8;9;9917
0;4;8;9;625
1;4;8;9;11139
0;5;8;9;646
1;5;8;9;10895
0;6;8;9;623
1;6;8;9;12271
0;7;8;9;605
1;7;8;9;15203
0;8;8;9;636
1;8;8;9;52800
0;9;8;9;1046
1;9;8;9;136262
0;10;8;9;624
1;10;8;9;158159
0;11;8;9;622
1;11;8;9;183392
0;12;8;9;626
1;12;8;9;427265
0;13;8;9;626
1;13;8;9;344314
0;14;8;9;621
1;14;8;9;446463
0;15;8;9;625
1;15;8;9;470254
0;16;8;9;626
1;16;8;9;442028
0;1;16;9;1412
1;1;16;9;5083
0;2;16;9;1405
1;2;16;9;10113
0;3;16;9;2500
1;3;16;9;11817
0;4;16;9;1377
1;4;16;9;11523
0;5;16;9;1474
1;5;16;9;20464
0;6;16;9;1723
1;6;16;9;12970
0;7;16;9;1414
1;7;16;9;13668
0;8;16;9;1412
1;8;16;9;13964
0;9;16;9;1348
1;9;16;9;102348
0;10;16;9;1371
1;10;16;9;155787
0;11;16;9;1371
1;11;16;9;281181
0;12;16;9;1412
1;12;16;9;253853
0;13;16;9;1418
1;13;16;9;329967
0;14;16;9;1420
1;14;16;9;437916
0;15;16;9;1715
1;15;16;9;399531
0;16;16;9;1500
1;16;16;9;437286
0;1;32;9;3500
1;1;32;9;6350
0;2;32;9;3630
1;2;32;9;10494
0;3;32;9;3646
1;3;32;9;12419
0;4;32;9;3651
1;4;32;9;12580
0;5;32;9;3643
1;5;32;9;13824
0;6;32;9;3625
1;6;32;9;14875
0;7;32;9;3632
1;7;32;9;13967
0;8;32;9;3677
1;8;32;9;15294
0;9;32;9;5205
1;9;32;9;100991
0;10;32;9;3613
1;10;32;9;289816
0;11;32;9;3649
1;11;32;9;209126
0;12;32;9;3521
1;12;32;9;262997
0;13;32;9;4052
1;13;32;9;313722
0;14;32;9;3677
1;14;32;9;425675
0;15;32;9;3773
1;15;32;9;443031
0;16;32;9;3651
1;16;32;9;466396
0;1;64;9;8153
1;1;64;9;10825
0;2;64;9;7694
1;2;64;9;15736
0;3;64;9;8734
1;3;64;9;15953
0;4;64;9;9250
1;4;64;9;15437
0;5;64;9;7764
1;5;64;9;17063
0;6;64;9;8736
1;6;64;9;16653
0;7;64;9;9435
1;7;64;9;18644
0;8;64;9;8479
1;8;64;9;56750
0;9;64;9;9287
1;9;64;9;99301
0;10;64;9;7491
1;10;64;9;154420
0;11;64;9;7672
1;11;64;9;208996
0;12;64;9;7509
1;12;64;9;266976
0;13;64;9;7731
1;13;64;9;347586
0;14;64;9;7709
1;14;64;9;346546
0;15;64;9;8732
1;15;64;9;469916
0;16;64;9;7424
1;16;64;9;402807
0;1;128;9;15991
1;1;128;9;19039
0;2;128;9;16466
1;2;128;9;23877
0;3;128;9;16256
1;3;128;9;24525
0;4;128;9;16144
1;4;128;9;22747
0;5;128;9;16182
1;5;128;9;24922
0;6;128;9;16197
1;6;128;9;24415
0;7;128;9;17408
1;7;128;9;35427
0;8;128;9;15739
1;8;128;9;28063
0;9;128;9;16146
1;9;128;9;100345
0;10;128;9;16179
1;10;128;9;153423
0;11;128;9;16321
1;11;128;9;205574
0;12;128;9;17626
1;12;128;9;284303
0;13;128;9;16694
1;13;128;9;294515
0;14;128;9;16811
1;14;128;9;447406
0;15;128;9;16104
1;15;128;9;422321
0;16;128;9;16657
1;16;128;9;462336
0;1;256;9;36717
1;1;256;9;39017
0;2;256;9;35103
1;2;256;9;44178
0;3;256;9;32538
1;3;256;9;42230
0;4;256;9;32924
1;4;256;9;40816
0;5;256;9;33839
1;5;256;9;41296
0;6;256;9;32401
1;6;256;9;41034
0;7;256;9;32440
1;7;256;9;43550
0;8;256;9;33980
1;8;256;9;83464
0;9;256;9;32623
1;9;256;9;119570
0;10;256;9;34080
1;10;256;9;152408
0;11;256;9;33688
1;11;256;9;230945
0;12;256;9;33978
1;12;256;9;313506
0;13;256;9;32759
1;13;256;9;307414
0;14;256;9;32478
1;14;256;9;365727
0;15;256;9;33221
1;15;256;9;371560
0;16;256;9;33615
1;16;256;9;444862
0;1;512;9;69932
1;1;512;9;72504
0;2;512;9;70446
1;2;512;9;80692
0;3;512;9;70597
1;3;512;9;83007
0;4;512;9;70058
1;4;512;9;75590
0;5;512;9;67601
1;5;512;9;76915
0;6;512;9;67822
1;6;512;9;78843
0;7;512;9;74090
1;7;512;9;99011
0;8;512;9;65773
1;8;512;9;82195
0;9;512;9;64325
1;9;512;9;152072
0;10;512;9;70773
1;10;512;9;197155
0;11;512;9;67780
1;11;512;9;259019
0;12;512;9;68500
1;12;512;9;266959
0;13;512;9;70677
1;13;512;9;384579
0;14;512;9;70389
1;14;512;9;434300
0;15;512;9;67715
1;15;512;9;472170
0;16;512;9;68061
1;16;512;9;437780
0;1;1024;9;138835
1;1;1024;9;156931
0;2;1024;9;139967
1;2;1024;9;155233
0;3;1024;9;138260
1;3;1024;9;157776
0;4;1024;9;136719
1;4;1024;9;160187
0;5;1024;9;144112
1;5;1024;9;146534
0;6;1024;9;144134
1;6;1024;9;140852
0;7;1024;9;129011
1;7;1024;9;163795
0;8;1024;9;152659
1;8;1024;9;154227
0;9;1024;9;135619
1;9;1024;9;220287
0;10;1024;9;139925
1;10;1024;9;275560
0;11;1024;9;140108
1;11;1024;9;276911
0;12;1024;9;141115
1;12;1024;9;349582
0;13;1024;9;142874
1;13;1024;9;346230
0;14;1024;9;139981
1;14;1024;9;409973
0;15;1024;9;139964
1;15;1024;9;403759
0;16;1024;9;139907
1;16;1024;9;435245
0;1;2048;9;288383
1;1;2048;9;293295
0;2;2048;9;310023
1;2;2048;9;321748
0;3;2048;9;285120
1;3;2048;9;327443
0;4;2048;9;277203
1;4;2048;9;285808
0;5;2048;9;312929
1;5;2048;9;283895
0;6;2048;9;275860
1;6;2048;9;293216
0;7;2048;9;287184
1;7;2048;9;268762
0;8;2048;9;290435
1;8;2048;9;341615
0;9;2048;9;275406
1;9;2048;9;452246
0;10;2048;9;283055
1;10;2048;9;369140
0;11;2048;9;290623
1;11;2048;9;403385
0;12;2048;9;290350
1;12;2048;9;470924
0;13;2048;9;288593
1;13;2048;9;508992
0;14;2048;9;286115
1;14;2048;9;638244
0;15;2048;9;296713
1;15;2048;9;530591
0;16;2048;9;298151
1;16;2048;9;549572
0;1;4096;9;618892
1;1;4096;9;623625
0;2;4096;9;567003
1;2;4096;9;636811
0;3;4096;9;574521
1;3;4096;9;630248
0;4;4096;9;601815
1;4;4096;9;555904
0;5;4096;9;622734
1;5;4096;9;568523
0;6;4096;9;594765
1;6;4096;9;567382
0;7;4096;9;563119
1;7;4096;9;546878
0;8;4096;9;564874
1;8;4096;9;625858
0;9;4096;9;612530
1;9;4096;9;716711
0;10;4096;9;586878
1;10;4096;9;705161
0;11;4096;9;595908
1;11;4096;9;677530
0;12;4096;9;594383
1;12;4096;9;697454
0;13;4096;9;623761
1;13;4096;9;797402
0;14;4096;9;622473
1;14;4096;9;816607
0;15;4096;9;578555
1;15;4096;9;909058
0;16;4096;9;598049
1;16;4096;9;812476
0;1;8192;9;1197936
1;1;8192;9;1255638
0;2;8192;9;1223277
1;2;8192;9;1265315
0;3;8192;9;1205355
1;3;8192;9;1273741
0;4;8192;9;1218605
1;4;8192;9;1185021
0;5;8192;9;1210000
1;5;8192;9;1160533
0;6;8192;9;1210748
1;6;8192;9;1130322
0;7;8192;9;1214094
1;7;8192;9;1088067
0;8;8192;9;1229057
1;8;8192;9;1402782
0;9;8192;9;1209371
1;9;8192;9;1125164
0;10;8192;9;1218626
1;10;8192;9;1266309
0;11;8192;9;1220301
1;11;8192;9;1260425
0;12;8192;9;1249589
1;12;8192;9;1377086
0;13;8192;9;1202346
1;13;8192;9;1389515
0;14;8192;9;1210209
1;14;8192;9;1361370
0;15;8192;9;1241563
1;15;8192;9;1442192
0;16;8192;9;1215199
1;16;8192;9;1542162
0;1;16384;9;2438110
1;1;16384;9;2489798
0;2;16384;9;2484273
1;2;16384;9;2488604
0;3;16384;9;2445209
1;3;16384;9;2500026
0;4;16384;9;2504119
1;4;16384;9;2332734
0;5;16384;9;2475099
1;5;16384;9;2312275
0;6;16384;9;2470561
1;6;16384;9;2276027
0;7;16384;9;2485233
1;7;16384;9;2210288
0;8;16384;9;2464430
1;8;16384;9;2673848
0;9;16384;9;2468921
1;9;16384;9;2569347
0;10;16384;9;2497519
1;10;16384;9;2432409
0;11;16384;9;2493990
1;11;16384;9;2574638
0;12;16384;9;2471707
1;12;16384;9;2497218
0;13;16384;9;2465705
1;13;16384;9;2581481
0;14;16384;9;2483709
1;14;16384;9;2522502
0;15;16384;9;2526232
1;15;16384;9;2506018
0;16;16384;9;2459110
1;16;16384;9;2479152
0;1;32768;9;5071463
1;1;32768;9;5399854
0;2;32768;9;5258986
1;2;32768;9;4946337
0;3;32768;9;5133200
1;3;32768;9;5110933
0;4;32768;9;5020830
1;4;32768;9;4586653
0;5;32768;9;5073656
1;5;32768;9;4466299
0;6;32768;9;5067953
1;6;32768;9;4521531
0;7;32768;9;5072627
1;7;32768;9;4424977
0;8;32768;9;5090914
1;8;32768;9;5105394
0;9;32768;9;5102006
1;9;32768;9;5035575
0;10;32768;9;5110185
1;10;32768;9;4908572
0;11;32768;9;5029418
1;11;32768;9;4746736
0;12;32768;9;5089655
1;12;32768;9;4880279
0;13;32768;9;5103906
1;13;32768;9;4760495
0;14;32768;9;5069333
1;14;32768;9;4748019
0;15;32768;9;5044982
1;15;32768;9;5078605
0;16;32768;9;5040800
1;16;32768;9;4922852
0;1;65536;9;10175670
1;1;65536;9;10238592
0;2;65536;9;10262389
1;2;65536;9;9872503
0;3;65536;9;10160504
1;3;65536;9;10055410
0;4;65536;9;10154803
1;4;65536;9;9229839
0;5;65536;9;10179287
1;5;65536;9;9168448
0;6;65536;9;10217707
1;6;65536;9;9255436
0;7;65536;9;10483263
1;7;65536;9;8763009
0;8;65536;9;10368986
1;8;65536;9;10267453
0;9;65536;9;10181967
1;9;65536;9;10750510
0;10;65536;9;10130738
1;10;65536;9;10271871
0;11;65536;9;10205923
1;11;65536;9;10477792
0;12;65536;9;10195242
1;12;65536;9;10158152
0;13;65536;9;10153493
1;13;65536;9;10781045
0;14;65536;9;10301376
1;14;65536;9;10756448
0;15;65536;9;10173565
1;15;65536;9;10492483
0;16;65536;9;10218304
1;16;65536;9;11144042
0;1;131072;9;20723599
1;1;131072;9;20800351
0;2;131072;9;20888311
1;2;131072;9;20220622
0;3;131072;9;20747802
1;3;131072;9;20703017
0;4;131072;9;20837831
1;4;131072;9;19059523
0;5;131072;9;21132069
1;5;131072;9;18731865
0;6;131072;9;20814961
1;6;131072;9;18283950
0;7;131072;9;20706409
1;7;131072;9;17791597
0;8;131072;9;20801137
1;8;131072;9;20455209
0;9;131072;9;21017678
1;9;131072;9;22356032
0;10;131072;9;20851647
1;10;131072;9;22363301
0;11;131072;9;20743912
1;11;131072;9;22624360
0;12;131072;9;20696268
1;12;131072;9;24939342
0;13;131072;9;21223665
1;13;131072;9;24005304
0;14;131072;9;20963179
1;14;131072;9;23642115
0;15;131072;9;20779618
1;15;131072;9;28738372
0;16;131072;9;20807406
1;16;131072;9;26096676
